final score,7335381: I am a gamer.,7335382: How many days per week do you game?,7335383: How often do you game in a team?,"7335384: List the top 5 games you play with the most frequent first.
[game1]
[game2]
[game3]
[game4]
[game5]",7335385: Does your gaming make you a better team player? How?
-1,TRUE,5,Half of the time,"Valorant,College Football 26,Marvel Rivals,Minecraft,Crusader Kings III",I would say it does make me a better team player due to having to communicate effectively in order to win or complete a task in whatever game im playing with my friends.
-1,TRUE,2,Some of the time,"Minecraft,Roblox,Fortnite ,,",Gamming does make you a better team player because it provides a space for most people to practice those skills in a way that is enjoyable and low stakes.¬†
-1,TRUE,3,Some of the time,"Baldur's Gate 3,Final Fantasy 14,Monster Hunter Wilds,Final Fantasy Pixel Remaster,Animal Crossing: New Horizons","I do think gaming makes you a better team player.
When I do get the chance to play a game with others, I find that I want to help in and take on roles that I would not take on by myself if it helps the team or a member of said team.

I am always happy to strategize and find ways to work together to complete a goal.

¬†"
-1,TRUE,3,Some of the time,"NCAA,Madden,Warzone COD,Fortnite,PGA",I would say yes because it helps you learn how to communicate with others . We might be two different gamers. an attacker and a sniper.¬† ¬†But we all have the same end goal so we communcate and i feel like this helps us in real life because there is more than one way to complete something so communicating can help us all acheive the same goal.
-1,FALSE,,,,
-1,TRUE,7,Most of the time,"GTA V,FIFA,Fortnite,Call of Duty,Valorant","Yes, gaming makes me a better team player because many games need teamwork to win. I learn to communicate with others, share ideas, and listen to my teammates. It also teaches me to stay calm under pressure and support the team instead of just focusing on myself."
-1,TRUE,6,Some of the time,"-,-,-,-,-",I think it can give context and experience for group coordination and social dynamics.
-1,TRUE,2,Most of the time,"TFT,LOL,FOREST,PUBG,PLANTS VS ZOMBIE","Yes, it makes me more think about in a team but not just myself"
-1,TRUE,3,Some of the time,"Catan,Balatro,Splitgate,Valorant,","Yes, it does. It helps build the skill of communicating with others to meet a common goal. For example, if I am playing Splitgate with friends and we have lost consecutive rounds, we can stop, reflect on what we are doing wrong, and try to improve on the next round so that we have a better chance of taking the win."
-1,TRUE,7,Most of the time,"Valorant,League of legends,Elden ring,Clash royale,Clash of Clans","Yes, I have learn how to communicate and work as a team."
-1,TRUE,1,Some of the time,"Terraria ,Rocksmith 2014,SCP Secret Laboratory,Hearts of Iron IV,Phasmophobia","Playing team-based games can help you become a better team player. I think the primary way this happens is learning which information would be most useful to other people. This requires a degree of understanding of their situation and their abilities which you need to understand in order to give good, useful information which they can use to help the team.

This is a not always found in all team-based games. I think there needs to be an urgent objective (so not something like Stardew Valley, where basic cooperation can get you to the end of the game) and the players need to take the objective seriously, which is the downfall of most team games. If the players aren't taking the game very seriously, it can be hard to tell what their actions and interests will be, and if the information you are giving is actually useful.¬†

¬†

Other games with NPCs could help but it would be on a very basic level since there is an underlying script therefore a fairly straightforward solution/expectation for what will happen."
-1,TRUE,4,Never,"Sims 4,Assassin‚Äôs Creed,Borderlands,Nancy Drew (for nostalgia),Schedule I","Though I normally game by myself, I think gaming has the capacity to make someone a better team player. The communication aspect alone is paramount to a well-functioning team; so practicing those skills through video games would probably help one realize what it takes to work together as a single entity.¬†"
-1,TRUE,7,Always,"DR2C,Overwatch 2,Pokemon Showdown,Battlefront 2 (2005),Team Fortress 2","Yes.

I played OW competitively and semi pro for a while, T3/2 in 2021. That is a textbook team game, especially in the team/scrim environment. You have to work together, you have to be on the same page, or you just lose. Communication is key, you have to share information, idea, plans. Operating solo, independent from the team, will get you nothing. Things like scrimming and VOD reviews help to ensure everyone is on the same page. There is also that implicit peer pressure to put in the work to improve individually, as everyone else is as well."
-1,FALSE,,,,
34,TRUE,6,Most of the time,"COD,CS2,,,","Yes it does. I think about more than just myself (at least in Counter Strike). If the team is doing bad, then I am doing something wrong."
41,TRUE,3,Some of the time,"Fire Emblem,Mariokart,Animal Crossing,Splatoon,Phasmophobia","I think it depends on the type of games you are playing. If someone is playing for example MarioKart then the answer is probably no, now if you are specifically playing a mode where you are on a team then this answer changes. Using an example that has teams, like Phasmophobia, then you are probably quite good at working in a team. This game for example has everyone work together to find out what type of spirit is inhabiting the map you are on.¬†

For me personally, I think it has. Learning to work and collaborate with other people is incredibly important and can make or even break an important project. Each person brings something different to the table, and if all pieces aren't flowing well then everything else will break."
46,TRUE,5,Most of the time,"Elden Ring,Escape From Tarkov,Rocket League,Destiny 2,Valheim","I would like to think so, it helps to be able to coherently work in a team to achieve a similar goal while not squabbling too much or just diddling about and not getting anything done.¬†"
46,TRUE,7,Half of the time,"Elden Ring Nightreign,Monster Hunter: Wilds,Elden Ring,Deep Rock Galactic,Baldurs Gate 3",I think that gaming has made me a better team player. A lot of games that I play expressly rely on you and your teammates communicating effectively in order to succeed to at the very least it has taught me to communicate effectively and quickly.
63,TRUE,7,Some of the time,"Roblox,Minecraft,Satisfactory,Stardew Valley,Hollow Knight",Gaming can make you a team player by forcing you to rely on others. but it depends on the games design on how it forces players to interact with each other.
70,TRUE,3,Most of the time,"fortnite,apex,league,,","yea, learn to communicate more efficiently"
71,TRUE,7,Most of the time,"Rocket League,GTA V,Star Wars Battlefront II,Minecraft,Hollow Knight","My gaming absolutely makes me a better team player, especially in online multiplayer games like Rocket League, GTA V, and Star Wars Battlefront. In GTA V, you cooperate with other players or friends to pull off heists and funding illicit businesses. This requires coordination and communication with your team members, because if anyone is eliminated even once it can be detrimental to the heist. In Rocket League, usually playing as a duo communication is an absolute necessity. Knowing whether your duo partner is in the goal, staying with the ball, or up in the air committing to a shot is essential.¬†"
71,TRUE,4,Never,"Minecraft,Beat Saber,Geometry Dash,BTD6,Celeste","If you play team games, it definitely can (although isn't exactly guaranteed to), but since I don't, I doubt it really affects my teamwork skills."
71,FALSE,,,,
72,TRUE,7,Most of the time,"Destiny 2,Portal 2,Space Engineers,Outbreak,Red Dead Redemption 2","Yes, it forces you to understand how to effectively utilize each individuals strengths to better achieve a shared goal."
73,TRUE,2,Some of the time,"Valorant,Marvel Rivals,Brahalla,Clash royal,Fortnight","Yes, since a big thing you learn while playing is that you won't make it anywhere if you try to do everything by yourself, so unless you work together in a complete way, you won't progress."
73,TRUE,1,Never,"spiderman remastered,gta 5,amazing spiderman 2,call of duty black ops 3,borderlands 2","no, even in a team i go off on my own."
73,TRUE,3,Half of the time,"Clash royale,Brawl stars,Fortnite,Call of duty,Multiversus","Gaming does make you a better team player because a good gamer doesn't only think about themselves, but the whole team.¬† When two or more teammates come together to problem solve, it's always better than one person trying alone.¬†"
73,TRUE,2,Some of the time,"dead cells,minecraft ,the last of us,,","In minecraft, theres times where i need to stop what im working on to help others im playing with. Also finish the tasks i was ‚Äúassigned‚Äù to do with the people im playing with."
74,TRUE,5,Half of the time,"Phasmophobia,Call Of Duty MWII (2021),Minecraft,Apex Legends,The Forest","Yes and no, i can get things done more efficiently if i do it myself because other people tend to not use their brain. this also applies at work. But yes because im great at trying to work with people to try to achieve something when they are lost or stuck."
74,TRUE,4,Most of the time,"Valorant,Rocket League,PvZ Garden Warfare 2,Fortnite,Overcooked","In some games I play I have to focus on coordinating my movements and actions with others. For example in Valorant if I want to peek an angle I should have my teammate throw a flash. This works more effectively than if I threw a flash and then peeked. In others it sponsors task delegation like in overcooked. Everybody should be working on different things all the time. You have to focus on what you're doing as well as what to do next, and what your teammate is doing. So yes, I think gaming makes me a better team player as I understand one person can't do everything by themselves.¬†"
74,TRUE,6,Most of the time,"CS:GO,League of Legends,Marvel Rivlas,Path of Exiles1/2,Valorant","As a gaming enthusiast, I truly enjoy playing with my friends. To me, the charm of gaming lies in sharing joyful moments together and working as a team to achieve our common goals. In fact, I feel that playing without friends makes the game rather dull. Through the games I play, I have realized that every member of the team is essential. Although we may each have our shortcomings in skills or strategies, as long as we are willing to stay united and support one another, we will keep improving and develop stronger teamwork and chemistry."
74,TRUE,3,Half of the time,"Skyrim,Monster Hunter Wilds,Cyberpunk 2077,Ark Survival Evolved,No Man's Sky","That's really a mixed bag, I would say that the longer I game the more easily I am able to identify a necessary role and modify my personal strategies to fill that roll. Think back to the hey day of mmorpgs and the overwhelming popularity of World of Warcraft. There were plenty of players that spent hundreds of hours grinding for gear for their favorite avatar and had to spend hours in que for dungeons waiting for availible roles in tank or dps (roles for drawing attention and doing damage respectively). I had my panda monk that specialized in healing and by doing so I had short wait times for dungeons and the better I did the more I was desired. It took intentional planning an forethought on team dynamics what roles were needed the most. Eventually you could play in peace because of the faith you developed in the ability to do my role. This was a long journery from my mid-nineties childhood programming joust in objective C in on a 3rd generation mac because internet was by the minute."
75,TRUE,3,Half of the time,"Fortnite,Marvel Rivals,idk,idk,idk","I think it can from time to time, at least when it comes to communicating tasks and goals with one another to get the job done successfully (or win the game).¬†"
75,TRUE,7,Most of the time,"Valorant,Counter Strike 2,Deadlock,Dota 2,Siege","Yes, I believe that it does. I spend most of my time playing competitive team-based games, and it is essential that you communicate with your teammates and work together to win, so I think these skills will transfer over."
75,FALSE,0,Never,,
75,FALSE,0,Never,"Age of Empires,Total War,gta,minecraft,lol",Yes. In games like lol everybody has different roles and being able to do the perfect combinations of action at different times it's what allows you to win¬†
75,TRUE,2,Some of the time,"Deltarune,Stardew Valley,Legend of Zelda,Plants vs. Zombies,Minecraft","Playing Stardew Valley with my bestie always involves some amount of cooperation. I must admit I'm still pretty new at the game, so that's mostly me doing what I'm told to do so far üòÖ"
76,TRUE,3,Some of the time,"Mario Kart 8 Deluxe,Mario Kart World ,Mario Party Jamboree ,Mario Party Super Stars ,Super Mario Party","When playing in teams, my communication becomes clearer and more direct."
76,TRUE,3,Most of the time,"brawl stars,roblox,terraria,palworld,ark",My gaming makes me a better team player because I play a lot of survival games which heavily reward teamwork. In these games my friends and I effectively divide work and resources to speed up progression and effectively take down bosses or other players.
76,TRUE,3,Half of the time,"NBA2K25,Rainbow Six Siege ,GTA 5,Call Of Duty ,Battlefield 6",Yes I think it makes me a better team player because something like rainbow six siege that is a team based game and without communication on the team or gadgets that everyone places your not winning the game.
76,TRUE,2,Never,"Hollow Knight,Legend of Zelda: TOTK,Ori and the will of the wisps,Baba is You,Tetris","Gaming can make you a better team player if you are playing team based games, competitive or otherwise. I imagine that single player games, of the kind that I tend to engage most with, are not very helpful with teamwork other than engaging ones own problem solving skills, which can be helpful in how you contribute to and benefit from teamwork."
76,TRUE,5,Some of the time,"Guilty Gear: Strive,Ultrakill,Risk of Rain 2,Deltarune,Splatoon","I wouldn't really say that a lot of games I play these days focusing on team plays, most of the games I listed focus more on problem solving, quick reactions, and using the tools available to you in creative ways. The one game that I listed that is a team game, Splatoon, has pretty limited communication between players, but I think it could still help in that you learn to instinctively recognize when a teammate may need help and how to work around an objective."
76,TRUE,6,Half of the time,"Marvel Rivals,Balatro,Fall Guys,Fortnite,Overwatch","Yes, I think gaming with a team helps to strengthen communication in a high-stress environment."
76,TRUE,1,Always,"Fifa ,NBA 2k,golf ,College football,tennis","Probably, because you get to practice communication¬†"
77,TRUE,1,Some of the time,"Dark Souls Remastered,Dark Souls 3,Call of Duty,Skate 3,CSGO","Yes, learning to operate in teams to achieve some goal is the basis of teamwork. This is used in any scenario in video games where teams are involved regardless of voice chat, text chat, or any form of communication. Teamwork is always there."
77,TRUE,5,Most of the time,"Counter Strike 2,Valorant,Red Dead Redemption 2,League of Legends,Minecraft",I believe so. Playing games has made me more outgoing and willing to speak my mind in a team. It has also made me think more of my teammates and how I can strategically help them succeed along with me.¬†
77,TRUE,4,Most of the time,"Total War: Warhammer 3,Empire: Total War,Stellaris,ARMA,Hell Let Loose","I think it does. Many of the games I've played require teamwork, often with unresponsive or uncooperative teammates. 90% of the time I spend gaming is with friends online, and a reliance on trusted teammates becomes second nature at a certain point. It has enabled me to better gauge the benefits and shortcomings of my own influence on team based environments overall."
77,FALSE,,,,
77,TRUE,6,Most of the time,"Cs2,Lol ,DmC,Blade and sorcery,Tft",Gaming makes me a a better team player as I have to give proper truthful information to my team in a fast and clear way. I also have to take certain responsibility for the group in order for us to move as a whole.
77,TRUE,4,Most of the time,"Arma reforger ,FIFA ,Rocket league ,Star Wars empire at war ,Counter strike 2","I would say operating in a team in any manner, helps improve your teamwork skills. It allows you to learn how to work with other people, even if it is in a virtual environment."
77,TRUE,7,Half of the time,"League of Legends,League of Legends,League of Legends,Minecraft,Deadlock","It is my belief (cultivated over thousands of hours) that the popular coordinated online video games of today's world: League of Legends, Valorant, Fortnite, R6S, etc., do NOT provide help building team skills, at least not for most players. In order to succeed in games like these, you must adopt a strategy that is entirely agnostic to the sorts of people you are playing with. This is because each match will usually have an entirely different set of people than the last and learning/coordinating with the team must, as a result, be very simple. Teamwork is something that is built on understanding and effort and the short 20-30 minutes you have during a typical gaming session do not facilitate this. Now I said¬†most players because when you play with friends or collegiate team members for CSU, for example, you end up having more time to practice with them. Otherwise, longer-term games you play with friends (Minecraft, perhaps) are better for this. It's a nuanced question but I believe this is the main contour."
78,TRUE,4,Half of the time,"Escape From Tarkov,CSGO,Marvel Rivals,Elden Ring,","I am a better team player when it's people I know because I am able to criticize them if they make a mistake without it being a big deal. Otherwise, I can still be good in teams with randoms if we have good chemistry or we can all pull our own weight in the game."
78,TRUE,5,Half of the time,"Fortnite,Counter Strike,Monster Hunter,Dune Awakening,Elden Ring","I would say this is 50/50 dependent on the game and who I am playing with. Sometimes I have to carry my regular friends, but I have a couple people that I play with that are equal or better than me that I end up being more of a team player and less of trying to carry everyone else. When I play with people at my level in a competitive environment I would say I am a good team player.¬†"
78,TRUE,7,Some of the time,"Elden Ring,Counter Strike 2,Elden Ring NIghtreign,Silent Hill,Resident Evil","I believe it can make a difference as you are constantly communicating; however, everything is very unchanging in games and leads to linear results. While in other real-life example things can be unknown and therefore have difficulties working together."
79,TRUE,7,Half of the time,"Rocket League,Pokemon,Apex,Battlefield,Marvel Rivals","Yes, I believe gaming can make you a better team player. For example, knowing your teammate's abilities in Apex or Marvel Rivals and when to utilize them, can lead to big plays that will turn the match in your team's favor. Communication with a your squad in Battlefield will make controlling points and pushing objectives easier."
79,FALSE,,,,
79,TRUE,1,Always,"COD,Fortnite,Fifa,Halo,","Yes, mainly because of the communication with other teammates. We also encourage each other, which helps our confidence."
79,TRUE,7,Most of the time,"League of Legends,World of Warcraft,Teamfight Tactics,Counter Strike,",I have a lot of experience practicing team communication and coordination.
79,TRUE,3,Half of the time,"Peak,Stardew Valley,R.E.P.O,Minecraft,It takes two","I believe it does as I have more experience having to rely on others, as well as learning my own skills and drawbacks. One of my favorite sayings is the to have community you must invite inconvenience. And I believe the same is true with a team, having a group means dealing with others. This gives me a unique perspective on my own capacity to work with others."
80,TRUE,2,Half of the time,"Overcooked,Call of Duty,Mario Kart,Elden Ring,The Last of Us","I think so. I tend to perspective flip, trying to anticipate what I may think if I were in the position others are in. This causes questions to arise, which if they feel applicable, I ask. Aside from this, I feel the games I play enable me to be communicative and clear from my mind, and to verify that others are well. Finally, I enjoy some games that are a slog, such as Dark Souls variants like Elden Ring. I take failure in stride and constantly think where I went wrong and what I can do to improve. This translates to teamwork in the sense of comradery/support and also motivation to continue.¬†"
80,TRUE,7,Most of the time,"Halo Wars 2,Helldivers 2,Battlefield 2042,Terraria,BeamNG.Drive","Yes. One of my most frequent games is Halo Wars 2 which is a real-time strategy game where split second decisions can make or break a game. It is also very important to be wary of your teammates' army composition and position so I know when and where to make an attack or hold a position. On top of that, every player has to manage his or her economy, balancing building units and saving or building more buildings to train more troops or gather more resources. The game truly requires 100% focus start to end. In practice, a teammate on my development team could be having a rough day or falling behind where I would take on extra work to keep the team afloat while trying to support said ""downed"" teammate. Just because someone slows down doesn't mean the project can stop.¬†"
80,TRUE,7,Half of the time,"Lost Ark,Minecraft,Rainbow Six Siege,Balatro,Clash of Clans","I don't see much correlation between how I game with a team and how it improves my ability to be a team player, but I think gaming definitely effects other avenues of how you approach coding. For example, I have played modded Minecraft for thousands of hours, and because of this experience, when I make mods for Minecraft, I can easily get into the perspective of the player which makes design choices exponentially easier.¬†"
80,TRUE,7,Half of the time,"Detroit: Human,Minecraft,Defiant (Discontinued so doenst count :(((. ) ,Valiant,","I guess it does, I know how to work in a team and protect one another while we're battling it out with others. But it's usually just my brother and me in a team with others so we usually pair up and we battle it out together with our teammates. Most of the time if I am not gaming with my brother and a team together I hate being on teams because most of the time the games will pair me up with people thatarent as skilled, and since im not THAT skilled either its a lose lose situation. So it's insteresting.¬†"
80,TRUE,5,Some of the time,"RB6: Siege,EU4,Stellaris,Victoria 3,Civilization",Some of the time. Usually alot of the games I play take into account knowing when a player is failing and why. Usually so I cant take advantage of it.¬†
81,TRUE,3,Some of the time,"Rocket League,Grand Theft Auto 5,EA Sports College Football 25,Battlefield 6,Forza Horizon 5","Yes! I used to play a lot of Fortnite back when I was in high school with my friends where we would play as a group of 4 playing against another 24 teams of 4. Gameplan was simple, everyone would loot up with weapons and healables and we would either try to fight our way to a win or wait it out and fight it out in the final moments of the match. Either way, communication and teamwork was crucial. We communicated to each other if we found good weapons or healalbles and also when we spotted enemies we wanted to approach or were approaching us. Another thing it taught me is how important it is for everyone to be on the same page. Whenever one of my group members left to find loot alone or engage with another person it mostly lead to them being attacked by 1 or more enemies or the remaining 3 in my group being attacked by a group of 4 putting the rest of my team in a bad spot having to help the 1 getting attacked or being down a man when attacked. Moral of the story, it is important to communciate and have clear goals and objectives that everyone can adhere to as it allows for the group and its members to work more efficiently, clearly, and most of the time it results in better outcomes for both the team and its individuals."
81,TRUE,1,Most of the time,",COD Bo2,,,","I don't game as much as I used to but when I did, I would definitely say yes. I used to play a lot of Rainbow 6 Siege, which requires you to be extremely focused and communicative with your team."
81,TRUE,4,Always,"Valorant,The Finals,Lethal Company,Osu!,Balatro","Yes I believe it does especially since the fps games that I play the most with my friends you need to have strategy in order to win. The Finals is an fps where you need to work with your trio in order to beat the three other teams of three. And only the top two of the four teams move on to the next round. So there are a bunch of strategies that come with how to execute going about winning a round to progress. Because there are so many things going on at all times, being flexible and communicating with your teammates is essential to winning.

The same goes for valorant. I think good teamwork is needed on that game possibly more than any other since most of the time, the team that wins has the better strategy assuming everyone can shoot the same."
82,TRUE,7,Most of the time,"Valorant,NBA2K,Persona 5 Royal,Call of Duty BO3,CS:GO","I tend to play a lot of competitive team based games, and have been for years. Valorant and CS:GO are both two games I have played for years and they're both 5v5 team based games, so I have had tons of. experience working with a multitude of teams and navigating different personalities in those to succeed and win."
82,TRUE,7,Half of the time,"Final Fantasy 14,League of Legends,GTFO,Minecraft,Honkai: Star Rail","Very much so yes. One of my favorite games to play is a cooperative shooter called¬†GTFO, which is known for it's difficulty and for requiring smooth teamwork between a team of 4 players in order to have any hope of passing even the earliest levels. A good GTFO run requires clean communication, understanding of your teammate's abilities, loadout, personal strengths, personal weaknesses, and depending on your team and your playstyle, leadership. This game alone has made me so much better at communicating cleanly and taught me how to be more flexible in communication depending on what my team needs. When playing with my main four group that have the most experience in the game, I can shortcut communication, ask for ""numbers"" instead of asking specifically for ammo count or tool resources, and generally trust that my team will understand, but if I'm playing with a new player, I can be much more verbose and clear.¬†And while this isn't the only cooperative game I play, it's probably the best example of how cooperative gaming has made me a better team player.¬†"
82,TRUE,5,Some of the time,"Hollow Knight,Outer Wilds,Slay the Princess,R.E.P.O.,Stardew Valley","Absolutely. The first true online game I played was Deep Rock Galactic, which is a cooperative online fps game. The basics of how teamwork operates in game is that there are 4 main classes of characters, each with its own abilities that are used to help the team whether that is for navigation, platforming and mobility, fighting off enemies and defending the team, etc.¬† All players must work together to complete the mission, and cooperation is well done as a core mechanic of the game with good communication systems (which are vital) in addition to the abilities the characters have. Highly recommend.¬†"
82,TRUE,7,Most of the time,"Marvel Rivals,The Finals,Overwatch,Peak,Cyberpunk 2077","Communication, trust, adaptation, and learning new characters are all apart of playing with my friends and random teammates in my games.¬† I believe these are all skills that can help make me a better team player.¬† Plus I am always open to leaning new games."
83,TRUE,3,Half of the time,"Fortnite,Rainbow 6 Siege,Battlefield,Minecraft,REPO","my gaming makes me a better team player because it has taught me to follow instructions, give instructions, make my own calls sometimes, and carry my own weight in the team"
83,TRUE,4,Half of the time,"Valorant,Minecraft,REPO,Apex,Split Gate","Yes, I practice efficient communication."
83,TRUE,4,Most of the time,"Icarus,Civilization,Stellaris,Hell Let Loose,Ready or Not","Yes, games require coordination between your team members and consistent communication. Planning and problem solving efficiently together is the only way to ensure the team will complete objectives."
83,FALSE,,,,
83,FALSE,,,,
84,TRUE,4,Some of the time,"Call of Duty - Zombies,Minesweeper,Fortnite: Save the World,Half-Life 2,Minecraft","I do not think that gaming makes me a better team player. The few times that I do play games alongside other people, I am either with a friend that I am already comfortable playing with, or I am in a random COD lobby taking one for the team, putting the objective score above my kill/death ratio."
84,TRUE,2,Half of the time,"Monster Hunter,Marvel Rivals,Peak,Warframe,Uno","Yes, I do my part as best as I can and encourage others to play the roles that best suit them. This is because I want the best results in the game's overall score."
84,FALSE,,,,
84,TRUE,7,Half of the time,"Baldurs gate 3,League of Legends,Modded Minecraft,Terraria,Mario Super Sluggers (WII)","Yes, gaming makes me a (somewhat) better team player. I consider what my teammates are going through, how I can ease their troubles, and how I can make up for their weaknesses (if any), since a cooperative team wins more often than otherwise."
84,TRUE,4,Most of the time,"league of legends,call of duty modern warfare,minecraft,battlefield,rust","It possibly does make me a better team player in minor ways. Most of my life has been playing games as part of a team with my friends and family. Due to this, I feel like I have learned some small skills that could be translated to coding as a team. I have decent communication skills, I know how important it is to work as a cohesive unit, and it tends to be much faster and overall better if there are others that you can lean on when you need help, or vice versa.¬†"
84,TRUE,5,Half of the time,"Plate Up,World of Warcraft,Helldivers II,Space Engineers,Mario Kart 8","That depends entirely on the game in my experience. For games such as World of Warcraft, Plate Up, and Helldivers, the harder difficulties and encounters definitely encourage team gameplay, and if you have a good team environment, they can be incredibly fun and satisfying to conquer those harder challenges. Space Engineers is entirely different as its less about the team and more about collaboration, it shows the value of constructing something as a team and allowing it to truly evolve based on what each person contributes. Finally, Mario Kart is a great example of a game that will break friendships. The main game mode has no team aspect and is entirely you against the rest of the lobby, using every dirty underhanded trick they give you to get first place."
85,TRUE,7,Half of the time,"Destiny 2,The Binding of Isaac,Abiotic Factor,Party Animals,Hunt Showdown","Personally I'm not super sure, but I do think that playing team-oriented games makes me a better team player by helping me be more outgoing and communicate better with my team."
85,TRUE,3,Always,"rainbow six siege,rainbow six siege,rainbow six siege,rainbow six siege,rainbow six siege",absolutely I love playing in teams. If you dont all play well and do your part your just gonna lose over and over and over again.
85,TRUE,1,Most of the time,"LOL,CS2,Chivalry 2,Apex,COD",No. It makes me frustrated dealing with my or my teammates inadequacies.
85,TRUE,7,Never,"Super Smash Bros. Ultimate,Miles Edgeworth Ace Attorney Investigations Collection,Yo-kai Watch 2 Psychic Specters,Fire Emblem Echoes Shadows of Valentia,Pheonix Wright Ace Attorney Triology","I can't honestly say for sure what my gaming does to contribute to being a better team player, but I lean a lot more into helping others and trying to offer advice to those who are struggling. I'm also good with following instructions as whats to be done and how it will be done."
85,TRUE,4,Never,"NBA2k,Clash Royale,FIFA,Brawl Stars,Valorant",Gaming adds passion to a fun activity that anyone can do. Many games I've played need to tons of communication to depict battle strategies and fluid communication about what is needed when a problem occurs. Gaming values strategy and communication to succeed for the overall group's goal.¬†
85,TRUE,5,Always,"Smite,Rocket League,Marvel Rivals,Factorio,Deadlock","In certain ways, I think gaming can cause the god complex for some people where it is always someone else's fault. Blaming other strangers is a quick and easy way to divert the results of gameplay without any consequences. That being said, playing consistently with a group of close friends certainly has made me a better team player as it forces accountability since I can't just blame others and never see them again. We are forced to learn from our mistakes and find symbiotic roles within our games.¬†"
85,TRUE,5,Always,"Fortnite,Valorant,,,","Yes, my de-escalation skills and communication skills have significantly improved since playing team games. In order to do well in team games you need to communicate, which translates very well to any team environment."
85,TRUE,7,Most of the time,"minecraft,counter strike 2,League of legends,valorant,risk of rain 2",Gaming does help me be a better team player. Playing team games helps me know how to fit into a team and know the dynamic of it.
85,TRUE,7,Half of the time,"Battlefield,Minecraft,Stardew Valley,Enshrouded,Call of Duty","I believe it does! Being able to communicate strategy and points of interest in a gaming landscape can allow some players to feel more comfortable communicating with random people in real life. Of course, some may find it easier to communicate with strangers with the barrier of a face-to-face conversation alleviated, since discussion is primarily done through voice or text. But regardless, it is beneficial for practice sake!"
86,TRUE,5,Some of the time,"Deep Rock Galactic,Slay The Spire,Factorio,Dark Souls,Death Stranding","In team-based games, it helps you understand your role and other people's roles in the team, how to communicate what you are doing and what needs to be done. Each person is responsible for their own role, but good teamwork and communication help bridge gaps between roles.¬†"
86,FALSE,,,,
86,TRUE,2,Some of the time,"Baldur's Gate,Dungeons & Dragons Online,Cat Quest 3,Hogwarts Legacy,","Gaming helps me communicate more effectively because I have explain my thinking process and am frequently relaying my stats (e.g. health, location) to others. Also, I have to pay attention to my teammates to see how they are doing and accept influence from them.¬†"
86,TRUE,2,Some of the time,"Fromsoft Games,Fire Emblem,Monster Hunter,Fortnite,Final Fantasy","Yes, playing in co-op games like battle royales or Monster Hunter makes me ensure I can communicate effectively with my team members, maximizing on opportunities that require more than one person to capitalize on, and of course maintaining a cool head when things get stressful and people get upset. Strategy games like fire emblem make me think methodically, with consideration of team member's morales, as the game includes a support system amongst your units as you fight in battles throughout a protracted war.¬†"
87,TRUE,4,Some of the time,"Satisfactory,BeamNG,CS2,Minecraft,Terraria",Working as a team shows the value of proper communication.
87,TRUE,0,Never,"0,0,0,0,0",None
87,FALSE,1,Never,",Online chess,,,","No, because I don‚Äôt participate in team video games. On the rare occasion I have played a team based video game, I am usually so bad that it detriments the team and results in discord.¬†"
87,TRUE,5,Most of the time,"Elden Ring,Counter Strike 2,Escape From Tarkov,Fallout 4,Skyrim","Yes, playing counter strike you have to know if your teammates know what they are doing. Even if they aren't 'good' you can still utilize them to win the game. So understanding strengths and weaknesses in yourself, your team, and the enemy is very beneficial when trying to win. But most importantly, communicating with your team on what strategy you're goin with and who goes where, does what, and when it should be executed. On the single player side of things, playing Elden Ring shows yourself what type of person you are and can be, whether you quit after your first try, find a better method to beat a boss, or continuous trial on the same boss to learn from your mistakes from previous attempts. Even though it's single player, you can always ask your friends for advice on something when you need the help, or just summon them into your world."
87,TRUE,3,Half of the time,"Rocket League,Valorant,Dungeon Defenders,CS2,Hollow Knight","I would say so because often you need to do things like work with your team to win the game and that can be overcoming any difficulties such as bad teamwork, bad communication, which are things you have to deal with when working with other people.¬†"
87,TRUE,6,Half of the time,"Stellaris,Team Fortress 2,Space Engineers,Kerbal Space Program,Cities Skylines","I would say yes, it does. In team games, especially hero shooters like tf2, every person has a unique role. Fulfilling the role while finding ways to assist the team is what leads to victory."
87,TRUE,7,Some of the time,"Tekken 8,Squad,Warframe,Path of Exile,Monster Hunter","Maybe. Squad is a military simulation game where two teams of fifty players each battle for control of objectives. When playing Squad I almost always join a vehicle crew, where each person has an assigned role. If all of the individuals have some experience with their respective role, and are quick to communicate with the leader, a vehicle squad can be one of the team's most important assests. In matches where I have participated in a vehicle role, my squad has often been a significant factor in deciding the outcome of the game because of our ability to communicate effectively."
87,TRUE,2,Half of the time,"Minecraft,Splatoon 3,Don't Starve Together,A Dance of Fire and Ice,WEBFISHING","Yes. Despite the mechanics of playing co-op games differing greatly from actual work, the communicative effort required to achieve goals tends to be quite similar. For me, it brings to light the two most important aspects of communication: semantic information, and tone. It is good practice communicating my opinions about next steps in a manner which does not irritate or stress out the other players, which is even more important than the information itself if the team is to communicate healthily."
88,TRUE,3,Some of the time,"Crime Scene Cleaner,Stardew Valley,Disco Elysium ,Dark Cloud,Ring Fit","Probably not. I prefer to play solo games where you do all of the work. It takes the pressure off me to socialize and actually be good at the game. I definitely am worse at some games because I don't engage in the community, but I use games to turn my brain off in many ways."
88,TRUE,5,Some of the time,"Minecraft,Marvel Rivals,Vampire Survivors,Skyrim,Baldurs Gate 3","It does, because of a lot of games require strategizing and optimizing success. Working with other people that maybe have strength and weaknesses different to yours can help in that process by shouldering some of the weight."
88,TRUE,1,Most of the time,"Rainbow Six Seige,Phasmophobia,Overwatch,,",Definity. I almost exclusively play team games because I think communication and strategy is half of the fun when playing games. Having these skills makes you better at lot of games and developing these skills makes playing the games I play more enjoyable and rewarding.
88,TRUE,4,Half of the time,"Elden Ring,Destiny 2,Cal of Duty,Valorant,","Yes, helps me better communicate with other people I dont know. That barrier of not knowing who you are playing with but you both have the same goal to win allows you to communicate with types of people I may never get to usually communicate with.¬†"
88,TRUE,5,Some of the time,"Minecraft,Valorant,Roblox,Deep Rock Galactic,Planet Coaster","I think it does make me a better team player through the unique pressure gaming puts you under. If you're in a team game, depending on the mechanics you have to work together as a team to complete the objective, and for that gaming has helped. Also, for communication as well."
89,FALSE,0,Never,,
89,TRUE,4,Some of the time,"MLB the Show 24,Ghost of Tsushima,Age of Empires 3,Baldur's Gate 3,Fortnite","I think it does, I consider myself to be a selfless person, and gaming helps bring that out in a team dynamic. I prefer to play single-player campaigns, and when I play multiplayer games nowadays, they typically are PvP. However, in the past, team based games like War Thunder, Overwatch, and a handful of others have taken up my time and gave me a true collaborative experience."
89,TRUE,5,Some of the time,"The Finals,Tetris,Team Fortress 2,Super Smash Brothers Ultimate,Clash Royale",I think that the main way that gaming has made me a better team player is teaching me how to communicate effectively. A lot of the time that I am playing games I am playing with people who don't play as often as me so I find myself trying to teach them competitive concepts or strategies for the game and I have had to learn how to teach people without being condescending or mean about it. I think those skills transfer well to collaborative work even without teaching anything because it allows me to communicate needs or struggle points without being confrontational.
90,TRUE,5,Most of the time,"Peak,Marvel Rivals,Helldivers,Split Fiction,Arma","I believe that my gaming makes me a better team player. Frequently, in the online multiplayer games I play communication is a major part of being able to win a match. Often times you play with people whom you may disagree with, or even people who will try to argue over anything. To win a match you have to be able to stay calm and find a way to communicate even with difficult players."
90,TRUE,7,Some of the time,"Clair Obscur Expedition 33,Hollow Knight,Mass Effect,Deep Rock Galactic,Death Stranding","I believe so, mainly because it can help you understand someone else's point of view (like in a story game with multiple main characters). Or in a multiplayer game where you have to work with a team to achieve a goal.¬†"
90,TRUE,3,Half of the time,"Apex legends,COD,,,",Yes both of these games are heavily relient on your team. Apex for example is always teams of three where each person has a different ability and it is necessary to use these abilities to work. Communication is the only way to win.¬†
90,TRUE,4,Half of the time,"Repo,Factorio,Lethal Company,GTA 5 online,Minecraft","Yes, as I would often find myself talking with online people whom i don't know in real life to coordinate a strategy to either build something or win a game. For example,¬† the game Factorio is centered around automation and factory building. When playing with other people, we would slip up on the work.¬† I would send up our iron minds to gather resources, while my teammates would set up power generation to power the factory. Gaming promotes team collaboration, leadership skills, and cooperation to maximize our resources efficiently."
90,TRUE,6,Some of the time,"Minecraft,Roblox,Mario Party,Among Us,Grounded","I believe my gaming makes me a better team player to some extent, as I've learned to socialize with others online better, but I typically play by myself about 95% of the time, and I believe a lot of my other hobbies contribute more to my ability to be a team player. However, some games have taught me to be a better loser, not getting as upset when I don't win."
90,TRUE,7,Some of the time,"Hell Divers,Blue Prince,Your Chronicle,Balatro,Slay the Spire","Most of my gaming is single player games, however the occasions where I am playing with friends is high stress, as we play typically the hardest difficulty. This means for us, communication is key, as dropping a 500kg bomb on someone is a good way to mess up the mission. It mostly helps with compartmentalizing different things and communicating the most important things first, along with building trust in teammates. Knowing how to prioritize things and break them down is helpful in all situations, but especially in team situations."
90,FALSE,,,,
91,TRUE,7,Most of the time,"league of legends,old school runescape,rainbow 6 siege,battlefield ,random games like content warning or R.E.P.O","Using league specifically, gaming makes you a better team player because it teaches you to know that what is best for you, is not always best for the entire team, so you have to problem solve on the fly to decide whether what is best for the overall team is focusing on yourself, or focusing on the rest of the team.¬†

¬†

Other random games that I play with friends like minecraft teach you to work creatively as a team, which is something different from most other team exercises where you get to see the way other people think about certain projects or approaches to a certain problem.¬†"
91,TRUE,2,Most of the time,"Helldivers 2,Among Us,Satisfactory,,","Yes, I believe that it's helped me to understand that it's important to allow everyone to have their voices heard."
91,TRUE,1,Most of the time,"Grounded,Dead by Daylight,Minecraft,Baba is You,Risk of Rain Returns","Yes, normally when playing social games I often help divvy up tasks, making sure that the team completes the objective while also having fun. I find I'm pretty good at gauging what everyone's skills are so they do what they are best at and most interested in."
91,FALSE,,,,
91,TRUE,5,Half of the time,"Limbus Company,Super Smash Bros. Ultimate,Signalis,Slay the Princess,Deltarune","My gaming falls into three categories, usually. Cooperative gaming, which is when I play with my friends to achieve a common goal. It's helpful to know what you and your teammate's strengths are in this kind of game, and it's also helped me learn to accept help. Competitive gaming, which might seem against teamwork, has actually helped me get to know my friends better, and also made me better at tempering frustrations in order to focus more on the task at hand. Finally, story-based singleplayer games (my favorite), help me take time to myself to contemplate on what I can/can't do."
91,TRUE,3,Some of the time,"Elden Ring,Minecraft,Witcher 3,Marvel Rivals,Fortnite","I believe that gaming makes you a better team player because it teaches you how to rely on others while also pulling your own weight. Especially in games with classes like Overwatch and Marvel Rivals, a proper balance between classes could be the difference between winning and losing. Games like these also teach you how to find your role without trying to take on too much of a load. For example, a tank player may drive forward toward an enemy team only to be surrounded and eliminated. If, however, the tank shields his healer and other fighters while moving toward the enemy team, all of his team members would benefit. Multiplayer games such as these teach you how to most effectively help your teammates and leave yourself in a position for them to help you as well."
91,TRUE,4,Some of the time,"World of Warcraft,Destiny 2,Halo,Call of Duty,Balatro","Destiny 2 and World of Warcraft require analyzing a situation, dividing people by levels of skill and familiarity, assigning each to their areas of expertise or where they will do the least damage to the team, and then executing the task with perfect or near perfect timing. They also teach you patience with people less skilled than you, humility in recognizing your faults and how to address this disparity. I think these skills translate wonderfully to becoming a team player."
91,TRUE,1,Some of the time,"Don't Starve Together,Minecraft,Apex Legends,Fallout 4,Frostpunk","Most of the games I play are single player, so I don't think it's made much of an impact. For the games that are team efforts, I am really bad. The one trait I have seen improve is my patience, a very important team player skill."
91,TRUE,1,Some of the time,"Stardew Valley,Minecraft,,,","Yes, the games I tend to play don't force you to work together, but in an environment that's meant to be open and creative I want to work with people. Gaming is a convenient tool for collaboration."
91,TRUE,7,Always,"overwatch,cs,Minecraft,Rust,Clash of clans",It does. It gives you many opportunities to communicate with others to achieve a goal. Games without goals allow you to think creatively. Sometimes it can also allow you to do things individually where others are not / cannot. Most team games require communication and team awareness. Playing to these skills in games allows you to win more often¬†
92,TRUE,7,Most of the time,"minecraft,warthunder,rainbow 6 siege ,roblox,",I think yes since we exchange orders and intel to each other to help the other out¬†
92,TRUE,7,Half of the time,"Destiny,Elden Ring,Arena Breakout Infinite,Helldivers 2,REPO","Probably not anymore. I used to do raids in Destiny, which require group puzzle solving skills. However, I haven't raided in years and play games more casually now."
92,TRUE,7,Half of the time,"DK Bananza,Deadlock,Cyberpunk,Mario Kart World,EU4","I think it definitely has to. I have been playing various competitive online games for probably 14 years, and so I have spent a lot of time doing that in teams. It has helped me a lot to be able to work with other people, but also focus on myself, and avoid being frustrated by others when they're doing something I disagree with."
92,TRUE,5,Most of the time,"Minecraft,Counter-Strike 2,osu!,Phasmophobia,Any COD game",Lots of FPS gameplay (mostly CS) requiring proper/clear callouts for collaborative communication and real-time enemy location awareness
92,FALSE,,,,
93,TRUE,1,Most of the time,"CS:GO,apex legends,Civilization VI,Plants vs. Zombies,League of Legends","In multiplayer games, I learned how to communicate, adapt to different roles, and stay calm under pressure. I also realized the importance to truth teammates and make strategies instead of just focusing on myself."
93,FALSE,1,Never,,
93,TRUE,2,Never,"Red Dead Redemption 2,War Thunder,Cyberpunk 2077,,",I typically play single player games.¬†
93,FALSE,,,,
93,FALSE,,,,
93,TRUE,3,Some of the time,"Split Fiction,Fortnite,Team Fortress 2,Sid Meier's Civilization VI,","Yes, gaming on a team creates opportunities to meld with other players and their styles. Depending on each players strengths and weaknesses, different dynamics of teamwork are created."
93,TRUE,6,Some of the time,"Dead by Daylight,Marvel Rivals,Resident Evil 4,Ghost of Tsushima ,Street Fighter 6",I am able to switch roles to support what the team needs.
93,TRUE,3,Most of the time,"Clash Royale,Overwatch 2,Elden Ring,Dead by Daylight,Fnaf VR","¬† ¬† ¬† ¬† ¬†Playing games has helped me become a better team player. In multiplayer games, I‚Äôve learned how to communicate better, coordinate with others, and work together to achieve a goal. It also teaches you how to adapt quickly when plans change and how to support teammates when they need help.¬†"
93,TRUE,4,Never,"Undertale,Deltarune,AoT games ,Date Everything,Minecraft","I mostly play alone, since I am usually pretty bad at multiplayer games (like CoD, Fortninte, etc.). This means I don't often get to experience playing in a team itself. However, I think that playing alone has its benefits. I have plenty of time to focus on my own thing and perfect it, doing my own research and nitpicking my work. This, in my opinion, can be harder to do when you are playing in teams.¬†

I think that I behave this way when I'm in teams as well. I like to go over objectives with groups and get tasks assigned to me, but I like tackling those by myself on my own time. This way, I can make sure that I have time to do my research and look over at my work before presenting it to my classmates. Once we reconnect, we can do the same thing: look over what we have and what we have to do, assign ourselves tasks, and work on them.¬†"
93,FALSE,,,,
93,TRUE,2,Never,"Bloons Tower Defense 6,Geometry Dash,Mario Kart,Chess,Subnautica","I don't believe so, I pretty much only play games where you're alone."
94,TRUE,2,Some of the time,"Sekiro,Forza Horizon 5,Elden Ring,Sleeping Dogs,Call of Duty",Yes. Gaming with others requires effective communication in order to win. This can be applied outside of video games.
94,TRUE,1,Some of the time,"Population 1,Grounded,Fortnite,Red Dead Redemption 2,Brawlhalla",Yes. Gaming makes you a better team player because it teaches you how to communicate with your teammates effectively in high-stress/pressure scenarios and also teaches you how to play to your teammates' strengths.
94,TRUE,7,Some of the time,"Helldivers 2,Elden Ring,DOOM,ARK Survival Evolved,Brawl Stars",I think so. being able to communicate with people you are playing the game with to achieve your goal is something very common and helpful in the real world.¬†
94,TRUE,7,Most of the time,"Slay the Spire,League of Legends (d2),God of War,Stardew Valley,Elden Ring","If anyone who sees this has ever played or watched League of Legends they will know how much of a team game it is. A single player on either team can decide the game by playing extremely well or extremely poorly. The team has to work together to not only make up the deficit of an underperforming player, but also exceed the enemy teams stratagem to win the game. Passions run higher in League than any other online game I've played, and that makes teamwork, especially communication, that much more important."
94,FALSE,,,,
94,TRUE,3,Half of the time,"Animal Crossing,My Sims,Overcooked,Stardew Valley,Black Ops Zombies","I think my gaming does make me a good team player. I play both single and multiplayer games. I am able to work individually and as a team, which gives me more variety in my capabilities. I like to play cozy games like My Sims and Animal Crossing as a way to just relax, and I can be as creative as I want. I also enjoy playing team games like Zombies and Overcooked. I actually play these games with my husband. At first, our communication was not great, and we could barely make it through the 4th wave of zombies or the first cook. After trying it a couple of times, we figured out what the best method of communication for us was and what we were good at. However, when I play with someone else at first, it's a bit rocky, but we eventually get into a flow. When forming or joining a new team, it is hard at first because everyone has different schedules, skillsets, personalities, and forms of communication. What I learned is that if you go into something with a positive and open mindset, you can work with anyone effectively."
94,FALSE,0,Never,",None,,,",N/A
94,TRUE,4,Most of the time,"CS2,Valorant,Minecraft,Roblox,Repo","I think so. It's usual to get very toxic teammates on Valorant and CS2. I try to be a better teammate every match, so I think that makes me a good team player."
94,FALSE,,,,
95,TRUE,3,Some of the time,"F1,NHL,Assetto Corsa,Far Cry series,Hell Let Loose / Squad","Yes. In military sim games like Squad or Hell Let Loose, the player is assigned a role. To play your part in the role, it is necessary to communicate with the others members of your team (actual humans via headset) and confirm that everyone is executing their role. The individual goal is to complete smaller assignments/jobs that help the execution of the entire teams plan. Do your part and communicate with the team.¬†"
95,TRUE,7,Half of the time,"Stardew Valley,Overwatch,Baldur's Gate 3,Darktide,Elden Ring","Gaming has definitely taught me several things about being a team player. Every player has a role, and your role may have drastically different responsibilities than another. This doesn't mean one person is more or less important than another; instead, it's important that you learn how to properly fulfill the requirements of your own role to best assist everyone else on the team.¬†"
95,TRUE,3,Most of the time,"Chivalry,Marvel Rivals,Grounded,Ark,Minecraft",yes you have to communicate to be effective especially in team based games.
95,TRUE,7,Half of the time,"Elden Ring: Nightreign,Terraria,Balatro,Sekiro: Shadows Die Twice,Minecraft","I think it does, because you have to cooperate to do well as a team in any gaming environment.¬†"
95,TRUE,2,Some of the time,"Diablo 3,WoW,Diablo 4,COD,LoL","Yes, because I know how important it is to work in a team in order to attain a win. I mainly play solo now and I limit myself to how much I play, but World of Warcraft taught me how to be a team player when I entered my first dungeon and joined my first guild.¬†"
95,TRUE,5,Most of the time,"Ready or Not,Fortnite ,Hell Divers,,","Yes, 100%. We have to learn how to work with different level of skills and experiences, being both a teacher and a student. A family member half my age taught me how to play Fortnite from having no experience. Because I am a remote student, gaming in a team helps me stay connected to my loved ones. It also teaches us how to navigate challenges and frustration as a team.¬†"
96,FALSE,,,,
97,TRUE,2,Some of the time,"Overwatch,Slay The Spire,Minecraft,Dark Souls,Misc. Other","Absolutely!¬†

Communication and teamwork are paramount to victory, but further, real time feedback is the fastest way to grow; teammates can point out things you could do better in a way that you can't perceive yourself doing, and corner you into problem-solving from a different perspective. Playing as a team can allow you to see what your doing for how it benefits the group instead of how your actions benefit only yourself.¬†"
97,TRUE,3,Half of the time,"Warhammer,Halo,Zelda,Belatro,Apex Legends","I think being a gamer makes a person a better team player due to it involving critical thinking, problem solving, being able to communicate with the team to accomplish a goal together. Gaming also helps complete deadlines, time management, motor skills, memory skillsets, as well as boundaries. There is a time to game, and a time to work. Coming from both sides makes it easier to work on what is important, while having time to relax."
97,TRUE,7,Most of the time,"Counter-Strike,RuneScape,Valorant,Warframe,Terraria",I believe it allows you to get used to dealing with individuals. Additionally learning how to work around uncooperative teammates. This in tandem with learning how to approach objectives and delegate tasks makes it a valuable learning experience.
97,TRUE,7,Some of the time,"Genshin Impact,Zenless Zone Zero,Cookie Run: Kingdom,Lies of P,Hollow Knight","While I don't play games with others often, the experiences that I've had have given me a better ability to understand strengths and weaknesses of each player and apply those in the most effective way possible.¬†"
97,TRUE,3,Never,"Blue Prince,Minecraft,The Witness ,Balatro,Terarria","I have rarely played co-op experiences with other people, though I would say in the time that I do play with others, it makes me more competent in communication and finding common ground to things."
97,TRUE,4,Most of the time,"Runescape,RocketLeague,FIFA Clubs,Zombies (Call of Duty),Mario Party",I believe gaming made me a better team player in many aspects. With communication it teaches you how to communicate effectively and respectfully. Using mutual respect is important because hurting your peer/s only hurts your team in the end result. Everyone can have different levels of knowledge on a game. This can require patience as others are learning in the moment and will make mistakes. Vice versa this can be a great opportunity to learn as teammates can teach you something about the game you didn't know.
97,TRUE,3,Half of the time,"Civilization 7,Guild Wars 2,7 days to die,Heros of Might and Magic 3,Path of Exile 2","Yes, generically it helps with problem solving and the ability to find and explore multiple solutions. In regards to a team it helps with communication especially in terms of efficiency, clarity, and conflict resolution."
97,TRUE,3,Half of the time,"Persona 5 Royal,Fortnite,Clair Obscur: Expedition 33,Overwatch,Peak","I would say that gaming with a team has helped me become a better team player. I used to play a lot of team PVP games like Fortnite and Overwatch which made me figure out how to communicate when things got tense. Peak is a game about climbing a mountain and you talk with your friend to work together to tackle obstacles, so it requires lots of teamwork to get everyone to the top. Games like Persona and Expedition 33 are turn based RPGs where even though they are single player games it requires you to look at a party of characters and figure out what their strengths/weaknesses are and be able to put them in positions that will lead the team to victory.¬†"
98,TRUE,2,Some of the time,"Horizon Zero Dawn,Rocket League,Batman Arkham Series,Assassin's Creed,Hell Divers 2","While some of my favorite games to play are single player RPG's, the one game I come back to all of the time is Rocket League (soccer with cars). Some times I play with friends, but most of the time I play with random teammates.¬†
The majority of the time that I play is without verbal communication, so you really have to take the time to observe your opponents and especially your teammates to figure out your role in the game. There's a lot of give and take, dependent on positioning, and swapping between offense and defense. Especially with the lack of verbal communication, you learn to pick up on your teammates strengths and weaknesses, and you can quickly pick up on when to assert yourself or when to hit the brakes and let your teammates take their shot."
98,TRUE,2,Some of the time,",Ark,,,","I mostly play PS5 or switch with my husband and kids, it certainly builds a sense of companionship! We build and tame dinosaurs, and explore the maps together. We have 3 85"" tvs setup in our living room so we can all play online at the same time. My engineering team recently played scribble.io and it was a great team building activity.¬†"
98,TRUE,5,Half of the time,"Counter-Strike 2,Team Fortress 2,The Legend of Zelda,The Elder Scrolls,Overwatch 2","No. Most of the games I play are not typically or crazy ""team"" oriented. Team Fortress 2 is a casual game -- so I don't have to rely on a team and just do whatever. Counter-Strike 2 is, but I often just listen to what others tell me and do that, alongside Overwatch 2. The other two are mostly solo related."
98,FALSE,,,,
98,TRUE,4,Half of the time,"KCD 2,ARMA 3,REPO,Lethal Company,Luma Island","I think it can go both ways. If you are in a game that values teamwork and there is a focus on getting through it together, then I would say I am a good team player. Some games are more joke games where you don't care about the goal, or you want to mess with your friends. That is to say, when it matters, I am a good team player and I like to work in a team; when it does not matter, my buddies and I mess around more."
98,TRUE,5,Most of the time,"Smite,Overwatch,Diablo 4,Rocket league ,The last of us","Overwatch has been my go to game for years and it forces me to pay attention to my teammates since I cannot win matches all by myself. A lot of times I will switch to healer so I can keep my teammates alive. So being able to switch roles to fill in any gaps my team has, is valuable.¬†"
98,TRUE,2,Some of the time,"Terraria,Minecraft,Valorant,Subnautica,Halo","I think that team games can help you become a better team player because you learn to communicate with your teammates and brainstorm how to win. This means contributing ideas and skill while also allowing others to take the lead, meaning that you need to meet their wishes as well. It helps you learn the give and take and pull your own weight."
99,FALSE,,,,
99,TRUE,3,Some of the time,"Diablo,Civilization,Zelda,Mario (have kids),WoW","I think World of Warcraft (or any MMO) is a good example. Players must form a team to complete an instance (dungeon) or a raid (big dungeon). It would be impossible for a player to complete these alone. They must work as a team.

I enjoyed the teamwork. Every team member has a role. If everyone did their job, the team would most likely succeed.

I felt a level of responsibility in team-based games like this. If I don't prepare for an instance, or play to my best ability, I will let the team down."
99,TRUE,4,Some of the time,"Minecraft,Chess,Call of Duty,Super Smash Bros,Mortal Kombat","Does my gaming make me a better team player, my honest answer is yes with a stipulation. I believe I can contribute well to a common goal when put in this situation, such as Safe Guard on CODuty or a shared Minecraft server's goals. However, most of the games I enjoy and frequent are not team games. I enjoy games where the outcome is solely based on your input IE chess, SSB, or MK. I believe in the right scenario when working towards a common goal I become a better team player in game and the real world."
100,FALSE,,,,
100,TRUE,1,Always,"Arma,Hunt:Showdown,War of Rights,Ground Branch,Total War","Yes but one aspect causes a blind spot.

Gaming has taught me to quickly read team dynamics (and individual motivations) and adapt my interactions and even roles based on that. To me that is the motivation for me to play, searching for that commonality. I‚Äôve also learned the worst teammates aren't the least skilled players, they're the ones who work against the team (can be often skilled and highly experienced), or choose to be solo and make unilateral choices that¬† jeopardize the team (someone revives them) or blames others for their own unilateral choices.¬† I‚Äôve seen the same patterns in coding projects with developers who ignore requirements or disappear when needed most and even re-emerge wanting to be ‚Äòlate-leaders‚Äô after their poor choices caused the derailment. If there is a player with no skill but shows eagerness and is socially engaged, the game changes for me where I‚Äôm playing the game at their pace (still wanting to win) in order to make it enjoyable. I‚Äôm not a fan of people demanding others to do their play style, and that‚Äôs a behavior that snowballs into something worse. All of these aspects are in gaming and human nature.

What gaming really taught me is adaptability and understanding motivations (spotting red flags too like what they say doesn‚Äôt align with their actions). The online games I play can be between 45 minutes to 1 hour for a single match, so‚Ä¶ there is a lot of adaptability required to make the experience enjoyable yet move forward. I naturally lean toward leadership (because I create momentum, proactive communicator), but I've learned when to step back and support someone if I feel it‚Äôll help the project. The key is figuring out what each person wants and whether accommodating that moves the project forward or creates problems. I will say this, the difference between gaming and being a team player for coding is there is no schadenfreude (toxic pleasure) when seeing a very negative teammate fail. You have to have the project work, and in an occupation there is a thing called leadership traps, where if it happens there isn‚Äôt really a clear template on how to handle it since failure shouldn‚Äôt be an option (at least in my opinion) or if word gets out that it‚Äôs reach this point no one will look good."
