final score,7017232: I am a gamer.,7017233: How many days per week do you game?,7017234: How often do you game in a team?,"7017235: List the top 5 games you play with the most frequent first.
[game1]
[game2]
[game3]
[game4]
[game5]",7017236: Does your gaming make you a better team player? How?
80,TRUE,6,Half of the time,"Synthetik: Ultimate,Hunt: Showdown,Minecraft,Escape From Tarkov,Cataclysm: DDA","Maybe. Better communication, communication clarity, collaborative planning."
-1,TRUE,4,Half of the time,"Call of Duty,Rocket League,Battlefield,,","No, I use the same communication skills that I use at work when I am gaming. It is more for fun. Maybe earlier on in life it helped more."
84,TRUE,3,Some of the time,"Animal Crossing,Stardew Valley,Mario Kart,Legend of Zelda (ANY AND ALL),Literally any Nintendo game",I believe it does! It's good practice to combine individual skills and strengths to complete a shared goal and allows for better communication while working together.¬†
76,FALSE,,,,
77,TRUE,7,Half of the time,"Deep Rock Galactic,Helldivers 2,Marvel Rivals,Caves of Qud,League of Legends","Yes and no. I mostly play team games- as you can see in my list. But said games tend to be toxic environs. Self reliance is needed, and teamplay is extremely good- but never to be expected.

I am capable of being quite the team player, if I meaningfully reach a desired goal through it."
93,FALSE,0,Never,,
81,TRUE,6,Half of the time,"Terraria,Minecraft,Marvel Rivals,Overwatch,Risk of Rain 2",Helps with my communication and conflict management. I also find it helps me control my emotions. It also helps me channel my passion and stuff into the game.¬†
89,TRUE,2,Some of the time,"Minecraft,Fortnite,Rocket League,Call of Duty,Ark Survival Evolved","Yes, because I have lots of experience gaming with friends, where we have learned through trial and error that communicating effectively and planning well lead to greater success. I have¬† also found the most success when we are all having a good time, and are getting along well together."
90,TRUE,0,Always,"Rainbow Six,Smite,Escape From Tarkov,-,-","I am pretty good at being a team player, because I know how to work together with my teammates to win, and I feel like I am quite strategic and can explain the process to my teammates well."
80,FALSE,,,,
72,TRUE,4,Some of the time,"Balatro,Bloodborne,Metal gear Solid 2,Fortnite,Metal Gear Solid V","I do think that is has made me a better team player, since especially in competitive games communicating with your team will help massively in winning since your better able to coordinate what your doing which definitely gives you an edge over people who aren't communicating as regularly. Because of that, I think gaming has given my the chance to practice a lot of teamwork skills such as relaying information in a timely manner to others and working as part of a group to achieve a common goal. I also think its made me better at communicating online in general, as now on zoom, or google meets I'm a lot more comfortable talking to other people as opposed to a few years ago where I found it far more awkward compared to in person."
88,TRUE,4,Some of the time,"Civilization 5,Just Cause 3,Red Dead Redemption 2,Five Nights at Freddy's (series),HITMAN 3","I don't usually play multiplayer games, but the few times I have there is a lot of importance in doing your part to help in a team, like in Marvel Rivals or Call of Duty. Otherwise, everything falls apart."
15,FALSE,0,Never,,
78,TRUE,5,Half of the time,"Fortnite,Far Cry 6,Civilizations IV,Helldivers 2,Balatro","I believe it does, it encourages trying different strategies that work for the entire team. Additionally, it motivates players to play roles to their strengths and assist each other with their weaknesses since everyone is working towards a common goal."
88,TRUE,7,Some of the time,"Stardew Valley,Minecraft,Animal Crossing,Hades,Splatoon","Sometimes, however I rarely play with people I can communicate with, so there's only so much I can do to be a good teammate besides playing well"
95,FALSE,1,Some of the time,"GTA 5,Ghost of tsushima,Call of Duty Mobile,Need for speed,GTA San Andreas","Yes, gaming helps me become a better team player. Whenever I play a team-based game like Call of Duty Mobile, I‚Äôm more likely to stay engaged until the end and achieve victory without being eliminated midway."
73,TRUE,3,Some of the time,"Warframe,Marvel Rivals,,,",Allows me to assess the needs of the team and step into fulfill that role if I am able.
92,TRUE,1,Most of the time,"Valorant,Age of Empires,Marvel Rivals,Factorio,","In Age of Empires, real time team coordination is of the upmost importance. The usual people I play with and myself have become very good at syncing our strategies together. I would say my communication skills have become pretty decent just off the experience I've had playing."
76,FALSE,,,,
83,TRUE,4,Always,"CSGO,Valorant,CFB 25,Fortnite,R6",I believe that playing video games makes me a better team player. This is because I am constantly learning how to play a specific role for my team and how I can assist my teammates to reach a goal.
89,TRUE,3,Some of the time,"War Thunder,Factorio,Team Fortress 2,Rainbow 6 Siege,Hollow Knight","Team Fortress 2 and Rainbow 6 both directly contribute to my ability to work in a team, as they are team based games where clear communication and organization are essential to success. Factorio applies specifically to working in software as many of the same principles apply regarding architecture, scalability, and etc..."
98,TRUE,3,Never,"Factorio,Pokemon,The Sims,Hades,Minecraft","I don't think it goes either way for me, helpful or not, because it is a secondary thing I do more as stress relief or part of a routine. So, I suppose in those ways you could say it's grounding"
79,FALSE,,,,
93,TRUE,3,Some of the time,"Cult of the Lamb,Baludr's Gate,World of Warcraft,Zelda,not a video game but D and D",Yes always!!! It's always more fun too. when you are on your own you just have your talent set. When you have a team you fill in each others blanks. You are all diverse and have different strengths that can shore up any weakness. No one is perfect or all powerful so the more people you have the stronger you become. You can also approach things/enemies from multiple angles which is a massive asset.¬† Not to mention there are much better inside jokes when you're well inside the group.¬†
84,TRUE,1,Most of the time,"CS2,CS:GO,Minecraft,Valorant,Rainbow Six: Siege","It does make me a better team player because I mostly play tactical, team-based games like Counter-Strike."
84,TRUE,7,Never,"Helldivers 2,Super Smash Bros,Stardew Valley,Windblown,Splatoon","Yes. Being able to effectively communicate and strategize with a team are very relevant skills in my life that I think I've largely grown through gaming. They allow smooth, swift communication with others and help me to be efficient when working with others."
86,TRUE,3,Some of the time,"Horror,RPG,Fighting,Adventure,Sports",Somewhat I think it helps with communication. I liked to think it helps with working on something with someone and collaborating with the skills that we are good at.¬†
86,TRUE,3,Some of the time,"Multiplayer Horror Games (Phasmophobia),Minecraft,College Football 25,RDR2,Roblox","I want to think so since it promotes communication, planning strategy, and coordination with others. It also has shown me that people work better together especially when they have each others backs."
92,FALSE,0,Never,"Nascar 15,Minecraft,Borderlands,Call of duty,super Mario Bros","Not the way I do it.

If i was in a team it makes dividing an conquering easier."
96,FALSE,,,,
90,TRUE,3,Most of the time,"Marvel Rivals ,Bladurs Gate,Destiny 2,NCAA 25,Skate 3","Yes, many of the games I play are very dependant on being a team player and working together, especially destiny two as raids have to be done together."
74,TRUE,3,Half of the time,"Stardew Valley,Rocket League,Valorant,Valheim,Dead by Daylight",Some aspects of gaming does translate well into being a better team player. This is due to the fact that a lot of games rely on people to work together as a team since it is always harder to do the work all by your self. This allows people to open up to the idea of teamwork in order to be more efficient and make it easier on themselves.
88,TRUE,1,Most of the time,"Fortnite,Minecraft,Roblox,Marvel Rivals,Free games","I think that gaming in some way did make me a team player. I'm the worst at video games compared to the friends I play with, so I usually take up the role of supporting others. I'm aware of my limitations so I do my best to help others thrive instead. This translates to real life, where I would have job supervisors who I was responsible in making their job easier as best I can."
20,TRUE,2,Most of the time,"The Finals,Apex Legends,Marvel Rivals,Fifa,Chess","No, it may make me better as a team player in video games specifically, but I do not think that necessarily translates to real life."
94,TRUE,1,Some of the time,"Warzone,Rocket League,Fortnite,Minecraft,Moral Kombat","Yes, since you understand what roles to play and don't have to focus on every aspect of the game - just the part you're good at."
75,TRUE,7,Some of the time,"League of Legends,Minecraft,Valorant,Project Zomboid,Valheim","In my experience, people who play competitive team games (CS:GO, LoL, Valorant, etc) become jaded and distrustful of their team members unless they are already friends. I have, however, learned the importance of teamwork from these games. I will, of course, do my best to be a great team player during this class."
83,TRUE,4,Most of the time,"World of Warcraft,Stellaris,Palworld,Dragon Age: Veilguard,Phasmophobia","I think it does. Typically in any survival game I play with my friends, we tend to all have our own specific tasks to build the base. I typically am a gatherer/builder for instance, acquiring resources and providing facilities to craft and make the most powerful items, Doesn't mean I never go fight and use the items I built, but this tends to be my main role. It plays to my strengths, and so I tend to perform better in these fields than my friends. Now, we don't always work together. Sometimes my resources I was gathering for something specific is used up for someone else to make their own tools. This usually occurs due to lack of communication. So, while my toes may have been stepped on, we then work together to help with each task, so in a way it all works out. To summarize, I think my gaming experience has made me capable of performing in a team environment, but there is always room for improvement"
32,TRUE,2,Always,"Valorant,Fortnite,Clash Royale,Black Ops ,Overwatch","Yes, gaming creates a better communication with other players by determining strategies and working together to achieve a goal."
72,TRUE,5,Most of the time,"Overwatch,Marvel Rivals,God of War,Ghost of Tsushima,fifa","I believe my gaming makes me a better team player. For example, playing Rivals or Overwatch there are 6 players on each team with different roles such as a tank, damage, or support. The characters you choose are a big part of the game since all these roles create a sense of balance. Not to mention when actually playing the game you must know where your team is wether they are alive or if your team is pushing in to fight. You have to be coordinated with your attacks to avoid being singled out by the other team as well as be aware of your position in the battle field. Not only visualizing but communicating these actions helps the team be both offensively and defensively dominant."
83,TRUE,4,Most of the time,"Minecraft,Factorio,League of Legends,Helldivers 2,Stardew Valley",I believe gaming does make me a better team player because gaming requires you to cooperate with your teammates for a collective goal. It also makes me a better team player because it also requires communication and strategy.
62,FALSE,0,Some of the time,"Stardew,Minecraft,TLOU2,,",
88,FALSE,,,,
81,TRUE,4,Most of the time,"Space Marine 2,Destiny 2,Rocket League,Rainbow 6: Siege,Baldur's Gate 3","I think that it does, since it forces me to communicate and cooperate with other people. We are all doing different things but working towards the same goal."
85,TRUE,7,Half of the time,"Hearts Of Iron IV,Imperator: Rome,Crusader Kings III,Halo: The Master Chief Collection,Counter-Strike 2","Well when playing competitive multiplayer games, effective communication between you and your teammates gives a major advantage if your opposing team doesn't have the same communication. Additionally, it allows you to execute strategies that you might not be able to do without teammates."
89,TRUE,3,Half of the time,"Call of Duty,Overwatch,Stardew Valley,Terraria,Factorio","It does, It helps with communication and expressing ideas. Especially with games like overwatch. There's often a team lead who defines overall strategies; Working with teammates individually on how to synergize plays a localized role for specific situations and objectives.¬†"
98,TRUE,3,Some of the time,"Minecraft,The Legend of Zelda,Genshin Impact,Stardew Valley,Mario Kart","Yes! When working in teams and delegating roles, it is important to discuss and consider the strong suits and weaknesses of other players; in Minecraft, some people both prefer and are better at mining and combat, while others prefer and have an affinity to build and create. From playing with others, I have learned that it is most productive to be honest and upfront about my own abilities, and that often encourages my teammates to do the same.¬†"
85,TRUE,7,Most of the time,"World of warcraft,League of legends,Minecraft,Counter Strike,Rainbow six","Gaming has helped me recognize how my role fits into a team environment. It has also taught me communication skills with others. While my team has the same goal overall, how we accomplish that is different. Gaming has also given me better understanding of my team members and why they may make the decisions they do."
84,TRUE,5,Half of the time,"Heros of hammerwatch 2,Marvel rivals,Terraria,The Finals,satisfactory","I would say so, both in the competitive games and the survival/sandbox games teamwork plays a big role. it is very different kind of teamwork in the different types of games. splitting up tasks to do in the survival games is very help full, and in the competitive games, all focusing on the same goal or player helps too."
81,TRUE,6,Always,"Rocket Leauge,Call of Duty (competitve)),Rainbow 6 Siege,Valorant,Marvel Rivals",I believe gaming did help me improve my communication skills and in general a better team player. I say this because I play with people I've never met in person all the time daily. Despite us not knowing each other all that well. We are able to build team chemistry in order to find a way to play the game that works for us and helps us be successful. So whether it is me or someone else on the team. We often find ourselves stepping up when we need to (while also improving on your own time). Also compromising when we need to. Sometimes we want to make the hero play to show our great skills but at times we are blind to how that's negatively effecting our team. I like to keep a philosophy of balance between the two when it comes to the game and life in general.
95,TRUE,3,Some of the time,"Pokemon Scarlet,Stardew Valley,Animal Crossing,,","Yes - in Pokemon you can do ""group raids"" where the team has to have a strategy, each member usually having a different role. This helps with teamwork because I can learn that it uses a different strategy than when working alone."
72,FALSE,0,Never,,
94,FALSE,,,,
83,TRUE,7,Most of the time,"Rainbow Six Siege,league of legends,Team Fight Tactics,Dark and Darker,Assassins Creed",I believe it does because I have learned how to critique others without being mean and annoying. I have also learned how to navigate a team to work together.
87,TRUE,7,Most of the time,"Teamfight Tactics,Path of Exile 2,League of Legends,Warcraft III,Minecraft","In a sense, it‚Äôs helped me a lot with confrontation and emotional regulation. League of Legends gets a lot of emotions going, so when I get unreasonably angry at my teammates I can always take a step back and analyze the situation and try to come up with solutions. Of course, they never follow my calls and end up calling me some sort of slur or bad word but I believe it‚Äôs the thought that counts. I also don‚Äôt mind backtracking in Path of Exile 2 in order to help my guild members get past places where they might be struggling, and I enjoy sharing what I‚Äôve learned about the game with them."
82,TRUE,6,Half of the time,"World of Warcraft,Rust,Overwatch,Heroes of the Storm,Any Dark Souls Game","In some games yes, most team games are designed to be played, well, as a team. And so attempting to go it alone or without at least a plan with your team members usually ends poorly."
85,TRUE,2,Most of the time,"Fortnite ,Apex ,Marvel Rivals ,Assassins Creed,","I believe a lot of team games require effective communication throughout the entire game in order to win. This can be translated to a lot of team building aspects where communication is key in achieving the same end goal. Due to this, I believe gaming makes me a better team player.¬†"
80,TRUE,1,Most of the time,"Minecraft,Counter strike,Baldurs gate,Pavlov,","Yes, learning to effectively communicate"
28,TRUE,7,Some of the time,"roblox,minecraft,stardew valley,hollow knight,a hat in time",it depends on the game because some although may be a team game it can cause more tension between players than helping while others encourage positive team play like the game journey
72,TRUE,7,Most of the time,"Escape from Tarkov,Valorant,Minecraft,,","Yes, it makes you understand the value of teams and what team efforts look like."
88,TRUE,4,Half of the time,"Halo,Baldur's Gate 3,Doom Eternal,Warhammer 40\,000: Space Marine 2,Minecraft","I think gaming has overall made me a better team player, but not entirely. When I play games, I play for fun, rather than to work as a well oiled machine (Though I have previously) a little bit of chaos can cause a good laugh even if it derails the team a little. But I find that gaming as a team has improved my communication skills, my aptitude for unique problem solving, as well as conflict prevention (Sometimes it's okay to step away for a while, I'd rather be down a teammate for the evening, so a teammate can decompress and take a step back for perspective,¬† than deal with someone who can't manage their emotions and thinks that the best way to solve a problem is to crash into it until they have a eureka moment, as that just brings the team down). Essentially, gaming as a team has helped me be able to make sure that everyone on a team is equipped, ready, and wanting to be there, including myself."
86,TRUE,5,Most of the time,"ARK Survival Evolved ,ARK Survival Ascended,Black Ops 2 Zombies,Rocket League,Other Call Of Duties","Oh certainly, especially when it comes to playing ARK. ARK is a game of tribes that work together to build bases and conquer servers by raiding other tribes. It is highly competitive and I used to play a lot with my friends. These days I find myself playing alone as they don't like the newer version of the game that was released. Honestly, I don't blame them. This game is absolutely terrible compared to the original. With this new adaptation, I find myself struggling in many aspects. Currently, I am playing on servers that allow tribes of 6 and I am alone and although I am still efficient, I am realizing how much MORE efficient I could be if I had my tribemates playing with me. Everything is ten times harder when playing alone and having this realization allows me to understand the value of teamwork. Together we can accomplish seemingly anything and at much higher efficiency. Alone, I feel limited and slow."
86,FALSE,,,,
81,TRUE,5,Half of the time,"Ghost runner,Apex legends,Call of Duty,Black myth wukong,Ghost of Tsushima","I learned to summarize much more quickly since I need to say what's going on as swiftly and precisely as possible so we don't get destroyed in Apex.

I learned to weigh risk to reward since I don't have to take every single fight, by looking at factors such as distance, if we are in a bad position such as low ground or open space, how close we are to other areas of interest (where other teams might most likely be) so we don't get ambushed"
76,TRUE,3,Half of the time,"Fortnite,Counter Stike,Escape From Tarkov,Elden ring,Project Zomboid","Yes, I think it helps with learning to use efficient communication."
92,TRUE,2,Most of the time,"Fortnite,Rocket League,Stardew Valley,Plate Up!,Core Keeper","Yes, gaming has taught me how to listen to my team mate's needs, even when not specifically mentioned. I often am the person going back to revive other team mates as I feel a full team will be more successful."
76,FALSE,,,,
46,TRUE,2,Most of the time,"Muck,Helldivers 2,Minecraft,Ultimate Chicken Horse,God of War Ragnarok",Yes. It makes me cooperate peacefully with others. It is the practise of enjoying working in a team.¬†
33,TRUE,5,Always,"Satisfactory,Deadlock,World of Warcraft,Chivalry 2,Counter Strike","I think it does. Most of the time I play competitive team games, which has taught me a lot about working together. Its helped me realize the importance of good communication first and foremost, it can be frustrating when people refuse to communicate or result to arguing - which regardless of what you're working towards definitely hinders you getting there. It also has helped me learn that while it may not be better to avoid arguments, its good to get through them and remind yourself that you are all there for the same common goal and need to stick together."
80,FALSE,0,Some of the time,",Minecraft,,,",I‚Äôve tried playing minecraft and it was a relief game¬†
98,TRUE,4,Never,"Monster Hunter,Crusader Kings 2,Pok√©mon,Planet Zoo,Fate/Grand Order","Realistically, it probably doesn't. I pretty much only play single-player because one of the things I like about gaming is the ability to be in control of the experience. Mind you, I have ended up being pretty good at planning off of stuff like wikis (using the knowledge of other people to my advantage)."
84,FALSE,,,,
4,FALSE,0,,,
75,TRUE,6,Most of the time,"Fortnite,Call of Duty,Gta 5,Spiderman 2,Marvel Rivals",Yes because Ive learned over the years to collaborate and not give up or miscommunicate with my team in order to succeed in many games. Including GTA 5 missions where if one person messes up then the whole team has to restart.
74,FALSE,3,Some of the time,"Roblox,Sonic,Chess,Diep.io,",Sure because you know your roles and what you're supposed to do.¬†
81,TRUE,6,Most of the time,"Rocket league,Marvel Rivals,Cyberpunk 2077,Fortnite,Elden Ring","Gaming in a team setting makes you a better team player because you learn to cooperate/work with other players with different skill sets, interests, and gaming styles to complete the same objective¬†"
87,TRUE,4,Some of the time,"Tomadachi Life,Sonic the Hedgehog 3,Mario Kart 7,Wii Sports Resort,Garry's Mod",I primarily stick with single player experiences. I've never played a video game with anyone who isn't my sibling.
85,TRUE,5,Some of the time,"Rainbow Six Siege,NBA 2k,Valorant,Escape from Tarkov,N/A",I think it helps with communication; it also helps with being able to work through issues or struggles in a productive manner.
86,TRUE,1,Half of the time,"Destiny 2,Call of Duty,Madden,ARK,GTA",I would say gaming has improved my ability to communicate clearly. A lot of times you have to be able to explain something in a game through a mic. You have to be able to articulate yourself well enough to accurately convey your ideas because you lack that physical aspect of the conversation. You are not able to use hand expressions or read facial expressions so you need to take a little more in the way you use your words.¬†
96,FALSE,,,,
86,TRUE,7,Some of the time,"World of Warships,Titanfall 2,Helldivers 2,Assetto Corsa,Mirror's Edge","I usually cannot stand playing on teams because nobody online is willing to compromise or listen and it becomes a pissing match. I have always worked best alone and will likely attempt to continue to do that, because if I'm good enough to do it on my own I don't think I should have to carry others."
78,FALSE,0,Never,,
94,FALSE,,,,
94,TRUE,7,Half of the time,"Terraria,Rainbow Six Siege,Warframe,Fallout 4,Fortnite","I think gaming does make you a better team player if you are actively putting effort into the team. If you are playing on a team but you do not assist your teammates or make decisions based on the teams benefit, then I do not think you will become a better team player. However, if you are actively contributing to the team I think it can greatly increase teamwork skills."
89,FALSE,,,,
75,TRUE,5,Half of the time,"college football 25 ,nbc 2k25,call of duty ,madden 25 ,Fortnite",Yes it does because you can learn how to communicate with your teammates you can play around your team there are certain strength that you can bring that might be someone else's weakness and vise-versa. the longer you play with the same team the more chemistry everyone ha with each other.
96,TRUE,4,Always,",Sea of thieves,,,","Since playing in a team, I‚Äôve learned more patience and confidence. Everybody on my team has their strengths and weaknesses, and so patience is a key. It taught me these things and made me a better team player because I am more involved.¬†"
37,TRUE,4,Most of the time,"league,cod,fortnite,apex,marvel legends","i think so, goes a long way in terms of being able to effectively communicate in a timely manner"
98,TRUE,6,Half of the time,"The Finals,Single-player games,Fortnite,Super Smash Bros.,Fall Guys","Yes it does. Being able to adapt depending on who I'm playing with based on their skills and personalities. For example, if my teammate and I prefer playing with the same character, but I am also skillful with at least one other character while my teammate isn't, then I'll select that other character in order to keep my teammate comfortable. This also allows us to not compromise the strength of the team. The key is figuring out our chemistry and what makes us strong as a team."
-1,TRUE,4,Most of the time,"Marvel Rivals,Smite 2,Minecraft,Dragon Ball Fighters Z,Pokemon Scarlet and Violet","Yes. In most cases, I am either the person in control of my decision making, whose impact defines my success as an individual and a team player. While I prefer to play on my own and be the sole contributor to my success, I put myself on the role of a supervisor and supporter make sure the team can catch up with my ambitions. Especially as gaming is often a pastime I get to share with friends and family."
-1,FALSE,,,,
90,TRUE,5,Some of the time,"Rainbow six siege,Red Dead Redemtion,Call of Duty,Darkest Dungeon,Dark souls",There are many games that I play that completely rely on working in a team. I would say this requirement to communicate and strategize with a group of people definitely translates to the real world.
86,TRUE,5,Most of the time,"Marvel Rivals,Rocket League,Counter Strike 2,League of Legends,BeamNG Drive","I feel like it does. It promotes clear and concise thought and communication. Two very valuable skills to have when working in a team.

Gaming also forces teamwork with people that have different approaches to problem solving."
88,FALSE,0,Never,"Pokemon,Pokemon,Pokemon,Pokemon,Pokemon","N/A, see question 1"
96,FALSE,,,,
83,TRUE,2,Some of the time,"Elden RIng,Helldivers 2,Space Marine 2,Armoured Core ,Total War Warhammer 3",I believe so as it has taught me to communicate and work as a team along side my military and fire service careers
78,TRUE,2,Never,"Stardew Valley,Europa Universalis IV,Stellaris,Cities Skylines,Kenshi","I don't really play multiplayer games anymore, however when I did play PVP first-person shooter games, each member had their own role. We all needed to work together and leverage our different strengths in order to succeed and not die.¬†"
25,TRUE,6,Most of the time,"Fortnite,Marvel RIvals,Valorant,Helldivers,Animal Crossing","I believe it does, it helps with communication. I feel I can express myself in a higher manner when communicating with teammates in a competitive setting."
89,TRUE,3,Half of the time,"Marvel Rivals,Valorant,,,","I think it does, it makes me more patient when teaching and also communicating with other people."
76,TRUE,1,Some of the time,"GTA 5,COD bo6,Chess,steep,nba 2k",Yes it does make you a better team player as working in a team in a game emulates a real life experience where people have specific roles to take care of. This can make you a better team player because you understand the importance of teamwork.¬†
78,TRUE,2,Most of the time,"The Finals,Counter Strike,Black ops 2,gang beasts,stick fight","It does. When I was a true gamer, during covid, I would play a lot of counter strike and that is a game that requires a lot of teamwork. Where if the team isn't working together then you will not the win the game, most of the time. Sometimes players have insane games where they can put the team on their back but that doesn't happen often. I've found that the more I supported the team the more we would win. So I have tried to apply that to real life more, where I try and fill a necessary role that will help the team. If that is doing the grunt work that the rest of the team doesn't want to do or a leadership position. I am willing to step into whatever roles are thrust on me and I think that comes from the experience as a gamer.¬†"
92,TRUE,4,Some of the time,"Helldivers 2,Elden Ring,Doom Eternal,Star Wars Battlefront II,Halo (all)","Gaming helps with awareness of situation or circumstance. For example, in games with imminent danger or threats, I am watching my teammates' back aside from just mine, and they do the same to me as a result."
87,TRUE,6,Half of the time,"GTA V,Path of Exile 2,Left for Dead 2,Fortnite,UNO - Steam","I don't think that my gaming necessarily makes me a better team player, since I'm just playing with friends and the ultimate goal is having a fun time and laughing rather than reaching some finish line. Although, I do keep the teams well being in mind, and if there is something easy I can do to better the team, I do it.¬†"
85,TRUE,3,Always,"Call Of Duty Bo6,OuterWorlds,Rainbow Six,Elden RIng,Mortal Kombat",This is debatable but it does as working together in teams usually results in better results rather than arguing within a team. I have the skills to work with a team and improve our chances of success¬†
90,TRUE,4,Half of the time,"Tetris 99,Fortnite,Rocket League,Super Smash Brothers,The Legend of Zelda","Gaming definitely makes me a better team player. For example, in a game like Fortnite, I can decide to hold certain items in my inventory that benefit the whole team rather than just myself. I also can decide to give up some of my own items that I know my teammates need. In addition, gaming also helps with communication and teamwork. There have been many times where my team and I will spend time discussing a strategy to win the game."
73,TRUE,6,Most of the time,"COD BO6,NBA 2k,Fortnite,Far Cry 6/New Dawn,GTA V","Gaming absolutely makes you a better team player. When you game with others you objectives remains the same and everyone wants to get better at games so you begin to learn strategies to win more games. For NBA 2k especially you are one player on a court of 10 people and you wont always be touching the ball. We play in the Rec so its 5v5 basketball and if you don't work well with your teammates the lanes get clogged so its hard to score and teams figure you out so you get doubled and sometimes triple teamed quickly if you ball hog. In order to win and have fun you must work with others, communicate and sacrifice other things to enjoy the experience otherwise the game feels unplayable. For other games on my list like COD or Fortnite you could play solo however I have reached the point where having a good game isn't as fun as working in a team with friends to complete the objective.¬†"
57,TRUE,2,Never,"Zelda: tok,Hollow Knight,9 sols,metroid prime,mario odessey","My gaming is rarely if ever team-based, with the possible exception of trying to come up with optimal routes to defeat bosses quickly in games like Hollow Knight. Given this, I don't think my gaming contributes to my preparedness for team projects."
85,TRUE,4,Most of the time,"call of duty,league of legends,red dead redemption,sims 4,sim city",Yes. Working as a team helps you better your chances of winning then going solo.
29,FALSE,,,,
94,TRUE,7,Most of the time,"EAFC,League of Legends,GTA 5,Valorant,Teamfight Tactics","Yea, it helps me learn how to communicate shortly and effectively. It has helped me be able to get rid of unneeded information and tell what is needed to be known shortly but precisely.¬†"
84,TRUE,6,Half of the time,"Valorant,Ghost of Tsushima,SSBM,Fortnite,Minecraft","I think it does. It teaches you how to cooperate with others well, and how to communicate effectively."
88,TRUE,7,Some of the time,"Beastieball,Total War: Warhammer 3,Warno,Rain World,Witcher 3","I think it certainly can do so. It certainly teaches how to communicate information quickly, and how to manage how much communication is necessary."
87,TRUE,5,Most of the time,"Fortnite,Call of Duty,,,",I think its obvious when a group isn't working together vs when they are. I think it makes you more used to working together especially when you enjoy what you're working towards. It will make you all more coordinated and get better faster.¬†¬†
89,TRUE,1,Some of the time,"The Hunter Call of the Wild ,Binding of Isaac,Far Cry Primal ,,","I think so, I dont play a ton of team games but when I do its pretty obvious I can get a lot better results playing in a team that communicates well. Sometimes being on a unorganized team can not help at all but if we are all communicating well then it is better. I think that could help me because I know that I need to be a good team player to actually get the good team results."
78,TRUE,7,Half of the time,"Marvel Rivals,Super Smash Bros. Melee,Rocket League,Minecraft,Rivals of Aether 2","My gaming does make me a team player. I spent a large portion of my childhood playing only team games with my siblings and friends. Due to this, I find it easier for myself to read how other people are feeling and what they want to do. A lot of people don't realize you need to consider what resources other people have before committing to something. Due to these, I think overall gaming has made me a better team player."
83,TRUE,3,Most of the time,"Call of Duty,FIFA,League of Legends,Pokemon,Madden","Yes, I am very open with communication and using strategy to get the best possible outcome."
91,TRUE,2,Some of the time,"War Thunder,Starfield,Squad,Rocket League,Mario Kart",I think it does because I focus on communication and coordination.
88,TRUE,2,Half of the time,"Fortnite,Minecraft,Zelda (BOTW/TOTK),Rocket League,Smash Ultimate",Working with others to sometimes beat the other team requires working together and working on a plan
89,TRUE,2,Some of the time,"Madden ,Forza Horizon 5,Call of duty,Rocket League,Minecraft",Some of the games I play makes me a team player because it requires me to have an open communication with my teammates in order for me to play the game properly.
22,TRUE,1,Most of the time,"Balatro ,Lethal Company,Ark Survival Evolved,Factorio,Pokemon","Yes, most of the game encourages positive team work, which mean tolerating team mates learning their play style and adapting to it as well as leading them."
96,TRUE,7,Half of the time,"Phasmophobia,Fortnite,Mobile Legends,Marvel Rivals,Overwatch 2","Yes because a lot of the games I play involve teamwork and coordination to ensure that we can win our games. Because of this, I've learned to communicate better when working with others, as this ensures we can complete our gaming tasks effectively and fast."
95,FALSE,,,,
96,FALSE,,,,
96,FALSE,,,,
99,FALSE,,,,
95,FALSE,,,,
102,TRUE,3,Half of the time,"Rocket League,Fortnite,Valorant,Gang Beasts,Overcooked","My gaming can make me a better team player because I have to work with my teammates to win the game. If we do not work together and do not communicate well, it usually is more chaotic and we end up losing quickly. This is especially true for games like Fortnite because if no one has your back you can lose the game easily. It is also helpful in building team spirit because it is more fun to share accomplishments with other than to be all alone. These reasons are why I believe gaming can make me a better team player.¬†"
63,FALSE,,,,
81,TRUE,7,Some of the time,"Ultimate Admiral: Dreadnoughts,Hunt: Showdown 1896,Red Dead Redemption 2,n/a,n/a","Two of my 3 most played games are single player games so it doesn't really matter. But Hunt: Showdown 1896 is a team based game. In order to ""win,"" not only do you have to personally know the environment, weaponry, and other factors, you must also get to know your teammates. What strategies they use, how aggressive they are, what weapons they have, if they want money or to fight other players (a choice that can be made). How they react in stressful situations,, what advice they will give in the pursuit of victory. All of this made in the push and pull relatively slow gameplay of Hunt: Showdown. And this is in a small team or 2 or 3 people total. Putting hundreds of hours into this game has helped tune my eye and behavior in team scenarios."
94,FALSE,,,,
97,FALSE,,,,
98,FALSE,,,,
22,TRUE,7,Most of the time,"Card Games (Magic\, Balatro\, Slay the Spire),League of Legends (most played by a mile),Counter Strike (not so much now),Satisfactory,Elden Ring (favorite game\, genre\, and studio)","Absolutely. League of Legends will test and break the most resilient minds know to humankind (any surface level research of the game will instantly prove this notion, playing only 3 or 4 games will also suffice). I have learned over thousands of hours on my solo/duo-ranked-ladder-climbs that to be successful in a team you must find balance between placating aggressive teammates and making decisions that may upset them, but are ultimately correct. Sometimes making a decision or following a call may be an obvious incorrect play, but the emotional boost you give your teammates by backing them up can be worth the sacrifice. People in this game are known for their hostility, and as such by not backing them up on a bad call you may cause them to ""lose their cool"" and this can cause your team to lose the entire game on the spot. I also play with a duo (League is a 5v5 game, in ranked matchmaking only up to two players can queue for a game together) who is, and don't tell him I said this, extremely temperamental and outburst-prone. He is extremely good at the ""micro"" (micro-mechanics) of the game (legitimately in the top 1% of players) and I am much more suited for the ""macro"" (macro-mechanics) of the game (usually floating in the top 4%). We divide our efforts by our strengths, I focus on the fundamentals of the game, tempo, objectives, assisting teammates, and my friend focuses on getting himself as much resources as possible to close out the game.

When I was still a teen I played tons more team based competitive games than I have time for nowadays, all of which helped me grow as a team player, culminating into the still-developing understanding I have now of teamwork.

Games have taught me that to be an effective teammate, and even broader, to be an effective team, you must work toward balance. Micro:Macro, Emotion:Logic, Communication:Action.

Also I want to mention that the Yakuza series of games by ""Ryu Ga Gotoku"" (Èæç„ÅåÂ¶Ç„Åè) studio has taught me so much about doing what is right in the world and never faltering in helping those around you that I feel compelled to mention it at any opportunity I talk about games in this abstracted manner. Even higher than an individual level, I think the world would only benefit from more people experiencing the series. Each game I play from the series feels like it improves upon my humanity further (they even compelled me to learn a new language). This improves me as a team player because these games, though single-player games, have taught me life lessons about self-reflection, not making the same mistakes of the past, and always striving to improve the world around you. The Yakuza games have taught me that you won't always make the right call, and that sometimes there is no ""right call"", but regardless of that you must press onward, unwavering in your dedication to do what is right.

Sorry to whoever has to read all this... games are just a major aspect of who I am today and how I got here, the community I have cultivated via games and Discord has rewarded me with lifelong online and IRL friendships."
27,TRUE,7,Half of the time,"Rocket League,Destiny 2,Mordhau,Valeheim,Cyperpunk 2077","I would like to think so, I did play competitive rocket league at my old college, The world of online and cooperative gaming forces you to quickly learn and adapt to your teams strengths and weaknesses and compensate accordingly for the most optimal outcome and in that way I feel being a ""team player"" is inherent unless you are a prodigy who can do no wrong which all of us are not. We are forced to work in a team, learn and adapt, or lose, simple."
95,TRUE,4,Most of the time,"Rocket League,Valorant,Fallout 76,WarFrame,Minecraft","Gaming makes me a better team player because I rely on my team to succeed. While these games require individual skill, communication is required to succeed in higher divisions of players in multiplayer games. Only when teamwork is cohesive can victory be achieved."
97,FALSE,,,,
91,FALSE,,,,
99,TRUE,4,Half of the time,"cod\, rivals\, rust\, phasmophobia\, minecraft,,,,",yes makes you communicate better
98,TRUE,6,Some of the time,"Old School Runescape,Skyrim,Total War: Warhammer III,Rocket League,Elden Ring","No, not for me personally. I primarily play single player, and all team-based games I am playing with close friends/family where we already work together very well, so it is just an alternative to meeting in person for those circumstances. I don't think the single player games I play translate to being a good team player in a way I can identify."
72,TRUE,5,Some of the time,"Pokemon,Legend of Zelda,Elden ring,Assassins creed,Call of duty",Yes gaming makes you a better team player because it makes you focus on working together and using everybody's strengths in order to finish a task.
19,TRUE,2,Some of the time,"Cult of The Lamb,Sims 4,Skyrim,Dark Souls,-","I mostly play alone, so I cannot answer this question.¬†"
97,TRUE,2,Some of the time,"Steep,Skate,,,","I havent really done any team games recently, but when I did, It made me better with communication and working together."
21,TRUE,4,Some of the time,"Slay the Spire,Dead Cells,Dawncaster,Overcooked,Apex Legends","Absolutely. I take great pride in my ability to take criticism and identify areas for improvement in my performance without allowing negative feelings to fester internally. I still struggle with dishing it out, i.e. pointing out unhelpful patterns I see in my teammates, but if I know someone well (and I know how to convey my message with sensitivity), I have no issues with beginning conversations. Where I excel is in the de-escalation and mediation of arguments and/or impasses. Finding an acceptable solution for the entire team is synonymous with learning and adapting."
84,TRUE,4,Never,"Black Ops ,Fortnite ,Halo ,Minecraft ,GTA","No I'm a lone wolf when I play games, I don't like people slowing me down I've always been better playing solo."
91,FALSE,,,,
81,FALSE,,,,
91,TRUE,6,Some of the time,"Cult of the Lamb,Pokemon Mystery Dungeon,Inscryption,Minecraft,Chicken Horse","It can, I do not often play games with groups of 4 or more which often result in the others I'm playing with being competitors instead of team members, however when I play collaborative games, the people I play with more often (even as competitors) tend to be much better team members and we have much clearer communication."
95,TRUE,3,Most of the time,"Counter Strike 2,Marvel Rivals,Age of Empires II,Rimworld,Rust","It definitely does. In most team based shooters your individual skill is the most marginal aspect of winning. The most useful are communication, tactics, and team composition/filling a role."
91,TRUE,5,Half of the time,"Command and Conquer Red Alert 3,Foxhole,Crusader Kings III,Total War Attila,Total War Three Kingdoms","Gaming in a sense does help me work with other people who are completely different to myself. One such team building game is called Foxhole. This game is first and foremost a team game. You cannot do a lot of fun cool things in the game such as driving a tank run any warships or using any artillery pieces without having others there to help you. Also building bases in the game you have to work with other people as the developers make it hard for individual players to build buildings by themselves. So, because of that I worked with many kinds of people with different personalities to those of my own. Through this game there are a lot of times that we disagree on things, but we tend to meet in the middle if there are any disagreements to get things done.

¬†"
-1,TRUE,2,Half of the time,"Microsoft Fight Sim 2020/2024,Rainbow Six Seige,Forza Horizon 4,Ark S.E,Overwatch","I believe that gaming in a team does result in making myself (and others) into better team players. With games such as Tom Clancy's Rainbow Six Siege, team communication is essential to forming a winning team. When all of the team members can communicate together to strategize and plan, the efficiency and likelihood of us winning the match is increased significantly. Personally, I think that being able to talk to one another makes me a better team player as I can help new team members pick up the basic controls and idea of the game as well as learn from experienced players which ends up making me a better player in the game. When everyone can contribute to positive team communications, I believe it makes myself and everyone else a better player."
99,TRUE,2,Some of the time,"COD,GT7,Destiny,GTA,Forza","I would think so, as some content you just cant complete solo. There for natural roles form in a team, some one usually coordinates during game play, and strategies are developed before entering. Strengths and weaknesses are assessed and game play is adjusted. Leaning on others when help is needed, to see if they have any insight that might help."
89,TRUE,7,Most of the time,"Old School Runescape,Smite 2,Fortnite,Smite,TTRPGs (d&d\, call of cthulu)","Yes. My time playing games competitively helped me learn that everyone has unique skills, and everyone struggles with different things. Obviously, it isn't always possible to put people in charge of only their strengths, but when you can do this, everyone benefits. When you can't, try to support your teammates in ways that supplement their skills.¬†"
100,FALSE,,,,
102,TRUE,4,Some of the time,"Balatro,Diablo 4,Civ 6,Shenzhen I/O,Exapunks","It can, depending on the game. A game like WoW has many team-oriented activities, especially the end-game raiding. The raiding is designed to be a coordinated team effort. I certainly learned how to be a better team player thanks to my experiences in WoW."
92,TRUE,7,Half of the time,"Baldur's Gate 3,Rainbow Six Siege,Elden Ring,Delta Force,Path of Exile 2",Yes I think it does as when you play multiplayer games that are team versus team you learn that it is almost impossible to carry a game and win all by yourself. This makes you think that teamwork is the only way to guarantee wins which helps you learn to become a better team player so that you can win more.¬†
99,TRUE,4,Most of the time,"Rocket League,Overwatch,FIFA,Skyrim,","Yes. The online games I play are team oriented. Communicating leads to positive results, even when individual skills are lacking. I frequently find that the sum of the team is greater than the parts, but this only works when communication is organized and respectful. A lack of respect can quickly turn a team against themselves. A scorned teammate will sometimes ""throw"" a game to spite their aggressor.¬†"
98,TRUE,5,Half of the time,"Baulder's gate 3,Valheim,Golf With Your Friends,Kenshi,Kingdom Come: Deliverance","I suppose, we have to work together on a team to solve problems as I usually like playing cooperative games instead of competitive ones."
79,TRUE,2,Half of the time,"Apex Legends,Rainbow Six Siege,Team Fortress 2,Garry‚Äôs Mod,The Finals","Yes, absolutely. It allows you to communicate effectively and learn how to work with different types of people."
94,TRUE,1,Half of the time,"Magic The Gathering,Old School Runescape,Rome: Total War,StarCraft,Dark and Darker","Gaming definitely plays a role in developing teamwork. It has taught me the importance of sharing resources and adapting your play style to the skills of others. There is always an important role for each player no matter the skill level. I have also learned a lot about teamwork from my experiences through sports. Like, just how important it is to remain selfless and in control of your emotions. Frustration with a task, team-mate, or an opponent can often expose cracks in the team and cause division. By doing your best to keep an even keel, positive team energy, helping others, and knowing when to ask for help success will follow."
95,TRUE,4,Most of the time,"Rust,CS2,GTA5,R6,Minecraft",Communication and the ability to trust others in a team to do tasks and help out are probably the most important things that gaming has made me better at. Mostly being able to trust that a friend or teammate will have your back.
44,TRUE,5,Never,"Forza Horizon,GTA 5,Forza Motorsport,Skate 3,FIFA","When I do missions in GTA V, I definitely have to be patient with others who aren't on the same page. It is also different working in a team virtually than in person since you are not able to confront people in the face or deal with them personally. So I think it definitely creates patience"
84,TRUE,1,Some of the time,"CyberPunk 2077,Starfield,Apex,Marval Rivals,Red Alert 2","I think gaming does help to make you a better team player as you often have to make decisions to help the team rather than just to elevate your own stats. I can also say that I am not really concerned with my individual stats and usually play team games to play with my friends, which really helps to make the team actually want to work together rather than for the individuals to play the ""lone wolf"" method."
41,TRUE,1,Most of the time,"Civ 6,CS2,Chivalry II,Celeste,League of Legends","No, usually makes me micromanage others."
79,TRUE,4,Some of the time,"Muck,Balatro,Inscryption,Minecraft,Lethal Company","In some of the games I play, there are several tasks that need to get accomplished for all players in the team. For instance, in a survival game like Muck or Minecraft, these could include getting armor, getting food, and building a base. If all players do these separately, their efforts are spread thin and they cannot do any one thing very well. It is usually more efficient to divide and conquer, and share the resources with the team. This is a good principle to abide by in a team in most scenarios."
89,TRUE,7,Always,"Fortnite,Rainbow Six Seige,Rocket League,Mount and Blade Warband,Ark Survival Evolved",Because in a situation where a classmate and I are focused on the same goal I can comfortably communicate with them like I do in video games.
74,TRUE,6,Half of the time,"Space Engineers,Rocket League,Cities: Skylines,Farming Simulator,War Thunder","Without a doubt, the games I play make me a better team player. They allow me to exercise cooperative problem-solving and communication under pressure, balancing and/or aligning expectations between multiple stakeholders, etc."
81,TRUE,4,Some of the time,"Call of Duty,Balatro,Rocket League,Overwatch ,MLB: The Show",You learn to lean on your teammates as well as understand where you need to fit into the team to be the most successful. It also helps with communicating effectively.¬†
94,TRUE,7,Some of the time,"FIFA,Dark Souls,Zelda,Competitive card games,Phasmophobia",I think the need to communicate clearly with your teammates to achieve a common goal translates well to the real world and most modern working environments where the objective will be the same.¬†
93,TRUE,3,Always,"League of Legends,Valorant,Marvel Rivals,PUBG,Rainbow 6 Siege",Being able to understand my teammates' perspective and being able to collaborate to achieve a shared common goal. Also my teammates make up my deficiencies and vice versa.
80,TRUE,5,Half of the time,"Fall Guys,Minecraft,Overcooked,Undertale,GTFO",I think that gaming can greatly improve your teamwork skills in many games. It can increase your communication as you and your team work together to complete the same goal.
88,FALSE,0,,,
102,TRUE,2,Some of the time,"Rimworld,Factorio,Dwarf Fortress,Baldur's Gate,Various 4x titles","Yes, I am always communicating with teammates to ensure we complete goals throughout each game."
96,FALSE,,,,
93,TRUE,2,Half of the time,"tekken,hearthstone battlegrounds,age of empires 2,runescape,diablo 2","Growing up in the 90's, as the gaming industry had started to boom with an introduction of 3D graphics and console wars; I grew up playing a variety of video games, and game genres with and against my two younger brothers. I can't think of many games that we played around this time that focused on enhancing teamwork, as opposed to dominating your opponent. However, I do recall the enjoyment we had competing against one another, and figuring out new secrets, techniques and strategies as we continued to improve at these games.¬†

On the question of whether or not gaming makes me a better team player, I would say that it pinpoints the perspective of viewing a team as an individual unit, rather than skewing focus to the individual units of a team. Whereas a team should be viewed as a body as a whole as opposed to the individual parts of a mechanical body through the introduction of allocated roles. Each individual part has a role to play. Whether or not that role is successful attributes to the individual unit and impacts the entirety of the team, good or bad. A mechanical body is used in the sense that the individual parts can be replaced in future iterations, however in the present ""game"", you must make do with the resources at bay.

Sometimes your dealt a bad hand, the only option is to play the hand dealt and do the best you can in support of the mechanical body. With a shared objective of domination, it is not only in the individual units best interest to contribute to the best of their ability, It reflects entirely on the perspective of the team as a whole, and each other individual within that team. Therefore it in the best interest of all individuals units of a team to share resources, learn and work together in pursuit of the overall objective."
73,FALSE,0,Never,"N/A,N/A,N/A,N/A,N/A","N/A.

I would expect yes because the goal of the game is to optimize something. If its a solo game, you'll strategize how to win / have fun. This process could help with becoming an effective team player in some ways."
-1,TRUE,4,Most of the time,"Path of Exile 2,League of Legends,Baldur's Gate 3,Hunt Showdown,Rusty Retirement","In some ways, some of the soft skills used in coop games can be translated to being a team player. When playing a team-based game, you must always be thinking about the primary goal and how to get closer to it. Some choices might benefit an individual at that moment but don't work towards the main goal so working with the team and changing course are always fast-paced and difficult choices to make."
94,FALSE,,,,
93,TRUE,3,Some of the time,"RuneScape,Europe Universalis IV,Hearts of Iron IV,Civilization V,Crusader Kings II","I do not believe that gaming improves my skills as a team player. The games that I enjoy are (online) strategy games, and to that end, the aspect I enjoy the most in them is the satisfaction I can derive from intellectually conquering the other players."
92,TRUE,1,Some of the time,"house flipper,raft,portal,stardew valley,plague inc evolved","I think so, success in some games depends on how well you can communicate, so if you want to win, then you adapt to do such. They also help with learning how to effectively allocate tasks which is important in teams since you don't want everybody working on the same thing, or nobody working on something."